Machine_ID,Timestamp,Temperature_C,Vibration_mm_s,Pressure_bar,Energy_Consumption_kWh,Operating_Hours,Machine_Status,Maintenance_Status,Failure_Risk
M007,01-01-2026 08:00,69.81,6.25,79.24,137.52,715,Running,Inspection,Low
M004,01-01-2026 11:00,53.57,3.41,74,157.97,737,Running,Normal,Low
M008,01-01-2026 14:00,54.12,5.22,74.79,134.93,900,Running,Normal,Low
M005,01-01-2026 17:00,63.84,2.77,76.59,215.11,84,Running,Inspection,Low
M007,01-01-2026 20:00,56.58,3.35,74.65,166.84,672,Running,Normal,Low
M010,01-01-2026 23:00,73.72,2.58,83.26,147.35,111,Running,Inspection,Low
M003,02-01-2026 02:00,56.35,0.6,64.72,153.75,856,Running,Normal,Low
M007,02-01-2026 05:00,57.54,3.75,73.68,156.4,114,Running,Normal,Low
M008,02-01-2026 08:00,65.77,3.99,59.27,157.23,1098,Running,Inspection,Low
M005,02-01-2026 11:00,58.5,5.4,57.48,138.28,857,Running,Normal,Low
M004,02-01-2026 14:00,50.89,4.99,71.43,133.96,633,Idle,Normal,Low
M008,02-01-2026 17:00,52.11,5.01,75.8,140.75,558,Running,Normal,Low
M008,02-01-2026 20:00,66.84,2.34,83.41,113.09,200,Idle,Inspection,Low
M003,02-01-2026 23:00,49.77,4.49,88.94,165.11,385,Running,Inspection,Low
M006,03-01-2026 02:00,74.57,6.17,81.24,122.55,1049,Idle,Required,Medium
M005,03-01-2026 05:00,,4.37,77.09,115.32,1090,Running,Inspection,Low
M002,03-01-2026 08:00,67.55,6.54,73.12,144.6,51,Running,Inspection,Low
M008,03-01-2026 11:00,56.33,6.83,61.28,141.36,733,Running,Inspection,Low
M006,03-01-2026 14:00,53.76,3.4,70.98,151.99,877,Running,Normal,Low
M002,03-01-2026 17:00,64.21,2.75,81.03,129.09,762,Idle,Normal,Low
M005,03-01-2026 20:00,71.47,2.66,78.29,134.01,144,Running,Normal,Low
M001,03-01-2026 23:00,59.77,1.53,63,164.38,300,Running,Normal,Low
M010,04-01-2026 02:00,61.41,3.02,76.3,162.67,338,Running,Normal,Low
M006,04-01-2026 05:00,69.27,5.61,75.7,161.51,1006,Running,Inspection,Low
M009,04-01-2026 08:00,69.56,0.49,74.45,145.95,583,Running,Normal,Low
M001,04-01-2026 11:00,61.65,2.24,71.81,149.73,610,Running,Normal,Low
M010,04-01-2026 14:00,58.01,3.61,76.66,151.45,1125,Running,Inspection,Low
M003,04-01-2026 17:00,62.74,2.48,76.88,126.63,783,Running,Normal,Low
M007,04-01-2026 20:00,60.28,3.01,67.51,186.27,1083,Idle,Inspection,Low
M004,04-01-2026 23:00,64.82,3.03,75.19,182.28,575,Running,Normal,Low
M009,05-01-2026 02:00,51.25,3.41,70.67,167.24,222,Running,Normal,Low
M003,05-01-2026 05:00,64.49,2.71,61.59,133.08,1119,Running,Inspection,Low
M005,05-01-2026 08:00,55.54,2.58,68.07,160.1,578,Running,Normal,Low
M003,05-01-2026 11:00,70.15,5.2,61.05,172.39,259,Running,Normal,Low
M007,05-01-2026 14:00,55.95,5.37,78.86,110.75,398,Running,Normal,Low
M005,05-01-2026 17:00,56.1,1.73,74.49,192.45,108,Running,Inspection,Low
M009,05-01-2026 20:00,66.01,-0.34,69.51,96.3,589,Idle,Normal,Low
M007,05-01-2026 23:00,62.13,5.4,81.94,164.73,1031,Running,Inspection,Low
M002,06-01-2026 02:00,82.49,1.96,72.48,185.69,1124,Running,Required,Medium
M004,06-01-2026 05:00,47.34,4.12,61.98,141.83,1122,Idle,Inspection,Low
M009,06-01-2026 08:00,62.99,1.45,68.92,140.79,194,Running,Normal,Low
M002,06-01-2026 11:00,72.17,5.75,83.43,163.69,489,Running,Inspection,Low
M010,06-01-2026 14:00,56.8,7.62,67.31,196.85,82,Running,Required,Medium
M009,06-01-2026 17:00,53.8,4.07,73.93,137.13,1033,Running,Inspection,Low
M010,06-01-2026 20:00,54.16,3.66,77.21,123.13,463,Running,Normal,Low
M005,06-01-2026 23:00,47.49,3.32,76.13,133.13,776,Running,Normal,Low
M002,07-01-2026 02:00,74.15,4.97,89.15,101.53,872,Running,Inspection,Low
M004,07-01-2026 05:00,59.03,4.65,63.77,170.14,544,Idle,Normal,Low
M007,07-01-2026 08:00,57.97,5.31,64.46,130.61,402,Running,Normal,Low
M008,07-01-2026 11:00,42.88,2.86,63.88,139.17,1157,Idle,Inspection,Low
M003,07-01-2026 14:00,49.1,4.31,69.93,170.47,1159,Idle,Inspection,Low
M001,07-01-2026 17:00,75.19,2.99,79.7,134.45,383,Running,Inspection,Low
M004,07-01-2026 20:00,64.73,2.21,64.78,166.25,602,Running,Normal,Low
M002,07-01-2026 23:00,72.5,3.74,79.79,115.93,1169,Running,Inspection,Low
M008,08-01-2026 02:00,71.36,2.42,72.25,171.84,56,Running,Normal,Low
M004,08-01-2026 05:00,52.99,5.56,64.24,154.57,525,Running,Normal,Low
M002,08-01-2026 08:00,83.87,2.51,59.74,142.52,166,Idle,Inspection,Low
M006,08-01-2026 11:00,79.55,4.35,61.31,148.67,636,Running,Inspection,Low
M006,08-01-2026 14:00,56.93,2.89,67.34,108.97,78,Running,Normal,Low
M010,08-01-2026 17:00,29.89,4.22,70.82,148.02,518,Running,Normal,Low
M004,08-01-2026 20:00,58.79,3.01,81.42,141.03,304,Running,Normal,Low
M006,08-01-2026 23:00,64.14,1.91,77.59,109.74,663,Running,Normal,Low
M002,09-01-2026 02:00,56.89,4.53,66.13,126.21,1195,Running,Inspection,Low
M010,09-01-2026 05:00,60.01,3.45,74.86,141.38,971,Running,Inspection,Low
M002,09-01-2026 08:00,54.54,4.23,83.56,128,1022,Running,Required,Medium
M010,09-01-2026 11:00,70.29,3.16,85.12,77.46,781,Running,Inspection,Low
M004,09-01-2026 14:00,62.57,1.81,69.8,175.14,98,Running,Normal,Low
M008,09-01-2026 17:00,70.56,5.42,78.71,141.02,288,Running,Normal,Low
M007,09-01-2026 20:00,73,4.91,81.73,81.33,1114,Running,Inspection,Low
M009,09-01-2026 23:00,42.43,2.95,61.45,204.78,471,Running,Inspection,Low
M008,10-01-2026 02:00,55.07,3.9,68.41,179.76,169,Running,Normal,Low
M005,10-01-2026 05:00,56.38,5.36,87.54,135.23,858,Running,Inspection,Low
M002,10-01-2026 08:00,85.14,3.11,69.89,121.41,394,Idle,Inspection,Low
M005,10-01-2026 11:00,63.34,3.35,51.5,156.29,359,Running,Normal,Low
M008,10-01-2026 14:00,69.31,4.17,71.15,150.67,1198,Running,Inspection,Low
M010,10-01-2026 17:00,45.07,3.11,79.87,160.18,1037,Idle,Inspection,Low
M009,10-01-2026 20:00,63.29,5.09,72.05,121.49,519,Running,Normal,Low
M009,10-01-2026 23:00,70.8,3.55,77.01,175.74,1177,Running,Inspection,Low
M001,11-01-2026 02:00,69.76,2.62,78.57,131.74,798,Idle,Normal,Low
M009,11-01-2026 05:00,67.61,4.71,69.52,164.06,903,Running,Inspection,Low
M007,11-01-2026 08:00,62.12,2.09,68.36,122.69,86,Running,Normal,Low
M009,11-01-2026 11:00,62.55,6.82,73.07,219.15,190,Idle,Required,Medium
M008,11-01-2026 14:00,46.76,6.17,73.24,164.47,778,Running,Inspection,Low
M001,11-01-2026 17:00,53.9,4.57,72.38,225.76,1084,Running,Required,Medium
M008,11-01-2026 20:00,64.08,4.44,72.67,168.17,767,Running,Normal,Low
M008,11-01-2026 23:00,55.56,4.37,66.76,129.28,204,Running,Normal,Low
M003,12-01-2026 02:00,68.2,3.07,77.25,168.22,183,Running,Normal,Low
M001,12-01-2026 05:00,66.2,,76.19,170.22,1021,Running,Inspection,Low
M008,12-01-2026 08:00,74.31,2.42,62.65,155.45,210,Idle,Normal,Low
M003,12-01-2026 11:00,70.62,4.56,69.28,162.65,648,Idle,Normal,Low
M003,12-01-2026 14:00,64.05,5.1,72.65,166.33,93,Idle,Normal,Low
M001,12-01-2026 17:00,68.73,3.23,68.26,117.18,143,Running,Normal,Low
M005,12-01-2026 20:00,71.05,2.91,76.46,115.18,823,Running,Normal,Low
M010,12-01-2026 23:00,57.43,1.98,71.53,122.76,843,Idle,Normal,Low
M007,13-01-2026 02:00,59.04,5.99,73.18,148.57,443,Idle,Normal,Low
M010,13-01-2026 05:00,61.13,3.03,69.2,138.75,298,Running,Normal,Low
M009,13-01-2026 08:00,57.72,3.5,58.05,117.68,986,Running,Inspection,Low
M007,13-01-2026 11:00,71.14,4.25,57.65,166.71,300,Running,Normal,Low
M009,13-01-2026 14:00,56.35,4.22,76.13,152.93,673,Running,Normal,Low
M008,13-01-2026 17:00,73.26,4.92,73.87,149.73,1163,Running,Inspection,Low
M002,13-01-2026 20:00,58.7,3.23,75.07,137.78,220,Idle,Normal,Low
M001,13-01-2026 23:00,66.25,2.09,72.94,134.41,1132,Running,Inspection,Low
M007,14-01-2026 02:00,63.5,1.83,73.5,121.44,260,Running,Normal,Low
M007,14-01-2026 05:00,53.22,2.93,78.78,171.14,703,Running,Normal,Low
M008,14-01-2026 08:00,61.82,2.37,75.11,125.3,484,Running,Normal,Low
M005,14-01-2026 11:00,65,3.34,79.29,150.86,1160,Running,Inspection,Low
M003,14-01-2026 14:00,61.42,5.76,73.2,191.54,365,Running,Inspection,Low
M008,14-01-2026 17:00,49.92,3.23,69.9,135.7,510,Running,Normal,Low
M006,14-01-2026 20:00,77.31,3.23,73.36,171.9,1180,Running,Required,Medium
M003,14-01-2026 23:00,62.79,3.78,66.15,160.92,667,Running,Normal,Low
M001,15-01-2026 02:00,54.85,3.19,69.34,153.72,628,Running,Normal,Low
M003,15-01-2026 05:00,76.59,3.7,73.24,157.05,346,Running,Inspection,Low
M005,15-01-2026 08:00,67.56,4.61,73.15,142.34,857,Idle,Normal,Low
M003,15-01-2026 11:00,51.2,5.13,71.26,145.97,67,Running,Normal,Low
M001,15-01-2026 14:00,52.6,5.3,62.28,129.65,107,Running,Normal,Low
M005,15-01-2026 17:00,60,6.89,76.45,146.16,739,Running,Inspection,Low
M010,15-01-2026 20:00,64.68,4.65,77.84,128.61,443,Idle,Normal,Low
M007,15-01-2026 23:00,67.61,7.15,83.51,173.16,1146,Alert,Required,High
M007,16-01-2026 02:00,70.55,2.64,75.09,97.41,1089,Running,Inspection,Low
M009,16-01-2026 05:00,66.86,6.94,72.01,158.47,871,Running,Inspection,Low
M010,16-01-2026 08:00,74.12,3.23,64.91,154.42,991,Running,Inspection,Low
M010,16-01-2026 11:00,63.14,3.38,82.44,151.89,817,Idle,Inspection,Low
M003,16-01-2026 14:00,55.16,3.62,73.73,173.69,194,Running,Normal,Low
M007,16-01-2026 17:00,61.97,3.47,73.35,136.99,930,Running,Inspection,Low
M001,16-01-2026 20:00,61.38,3.93,70.22,152.15,292,Running,Normal,Low
M004,16-01-2026 23:00,38.8,2.93,69.77,96.94,422,Idle,Normal,Low
M004,17-01-2026 02:00,56.95,5.04,76.82,133.37,992,Running,Inspection,Low
M005,17-01-2026 05:00,64.83,2.97,64.85,168.96,667,Running,Normal,Low
M007,17-01-2026 08:00,58.18,4.78,83.38,107.5,1039,Running,Required,Medium
M007,17-01-2026 11:00,56.18,6.09,81.85,149.47,295,Running,Inspection,Low
M004,17-01-2026 14:00,70.2,3.26,69.52,126.03,749,Running,Normal,Low
M007,17-01-2026 17:00,53.75,4.99,65.95,141.89,146,Running,Normal,Low
M003,17-01-2026 20:00,68.4,4.64,57.89,127.71,790,Running,Normal,Low
M006,17-01-2026 23:00,50.01,7.18,63.24,110.08,927,Idle,Required,Medium
M002,18-01-2026 02:00,86.85,3.04,77.11,155.81,723,Running,Inspection,Low
M010,18-01-2026 05:00,60.06,4.99,74.21,143.61,356,Running,Normal,Low
M009,18-01-2026 08:00,59.09,1.36,75.46,162.15,86,Running,Normal,Low
M005,18-01-2026 11:00,72.29,3.06,59.08,167.24,187,Running,Normal,Low
M006,18-01-2026 14:00,58.23,4.33,69.23,179.31,766,Running,Normal,Low
M004,18-01-2026 17:00,75.09,5.89,81.57,148.74,1125,Running,Required,Medium
M010,18-01-2026 20:00,65.34,1.96,71.33,180.52,288,Running,Normal,Low
M007,18-01-2026 23:00,60.93,4.98,63.09,117.68,895,Running,Normal,Low
M009,19-01-2026 02:00,59.97,3.71,71.22,170.45,1046,Running,Inspection,Low
M007,19-01-2026 05:00,72.87,1.52,66.6,157.86,649,Idle,Normal,Low
M001,19-01-2026 08:00,64.07,4.07,74.34,151.53,820,Running,Normal,Low
M001,19-01-2026 11:00,65.89,6.36,72.14,157.45,987,Idle,Required,Medium
M009,19-01-2026 14:00,66.87,2.12,75.8,118.1,350,Running,Normal,Low
M009,19-01-2026 17:00,63.2,3.64,63.47,111.49,391,Running,Normal,Low
M004,19-01-2026 20:00,66.68,2.32,68.86,192.88,51,Running,Inspection,Low
M009,19-01-2026 23:00,60.94,3.1,79.63,140.28,1158,Idle,Inspection,Low
M003,20-01-2026 02:00,61.55,5.95,62.52,139.88,1105,Running,Inspection,Low
M007,20-01-2026 05:00,51.93,3.39,64.98,114.14,929,Running,Inspection,Low
M006,20-01-2026 08:00,64.68,5.9,73.4,103.51,141,Running,Normal,Low
M008,20-01-2026 11:00,46.52,5.46,74.01,142.53,565,Running,Normal,Low
M009,20-01-2026 14:00,64.55,3.26,68.58,135.44,167,Running,Normal,Low
M005,20-01-2026 17:00,59.47,3.05,70.05,145.05,68,Running,Normal,Low
M001,20-01-2026 20:00,65.37,2.46,75.73,,759,Running,Normal,Low
M003,20-01-2026 23:00,52.56,2.4,77.95,214.7,1155,Running,Required,Medium
M010,21-01-2026 02:00,42.93,4.33,64.52,135.52,1088,Running,Inspection,Low
M008,21-01-2026 05:00,58.84,3.77,74.55,189.24,851,Running,Normal,Low
M006,21-01-2026 08:00,52.59,2.86,82.58,190.98,161,Running,Required,Medium
M008,21-01-2026 11:00,45.97,1.48,71.19,166.1,365,Idle,Normal,Low
M009,21-01-2026 14:00,68.91,3.96,64.44,138.42,418,Idle,Normal,Low
M004,21-01-2026 17:00,76.41,3.1,64.12,106.88,928,Idle,Required,Medium
M001,21-01-2026 20:00,54.83,3.51,70.87,158.38,973,Running,Inspection,Low
M001,21-01-2026 23:00,61.32,4.26,79.25,173.53,493,Idle,Normal,Low
M010,22-01-2026 02:00,59.23,0.05,71.71,193.94,531,Running,Inspection,Low
M004,22-01-2026 05:00,56.07,1.5,73.32,118.4,101,Running,Normal,Low
M007,22-01-2026 08:00,67.97,7.24,65.03,138.18,383,Running,Inspection,Low
M002,22-01-2026 11:00,71.09,3.04,78.88,118.57,569,Running,Normal,Low
M003,22-01-2026 14:00,54.18,0.02,63.98,127.26,185,Idle,Normal,Low
M001,22-01-2026 17:00,62.4,1.63,68.47,163.6,571,Running,Normal,Low
M005,22-01-2026 20:00,73.56,7.53,76.41,125.98,1031,Running,Required,Medium
M001,22-01-2026 23:00,68.2,2.75,57.72,121.92,719,Running,Normal,Low
M008,23-01-2026 02:00,69.54,5.54,73.22,167.32,141,Running,Normal,Low
M001,23-01-2026 05:00,74.31,3.98,64.73,157.62,270,Running,Normal,Low
M001,23-01-2026 08:00,74.19,3.07,72.12,154.8,596,Running,Normal,Low
M002,23-01-2026 11:00,71.26,4.96,69.54,126.72,466,Idle,Normal,Low
M002,23-01-2026 14:00,63.3,0.22,86.74,181.2,463,Running,Inspection,Low
M006,23-01-2026 17:00,58.56,1.64,69.25,145.41,659,Running,Normal,Low
M007,23-01-2026 20:00,62.93,3.06,84.9,211.65,722,Running,Required,Medium
M005,23-01-2026 23:00,57.19,1.79,76.11,149.51,966,Running,Inspection,Low
M001,24-01-2026 02:00,44.43,2.93,66.39,79.67,442,Idle,Normal,Low
M001,24-01-2026 05:00,59.48,5.08,74.32,78.42,976,Running,Inspection,Low
M003,24-01-2026 08:00,65.22,4,69.87,162.47,439,Running,Normal,Low
M002,24-01-2026 11:00,56.71,5.8,73.7,181.41,114,Running,Normal,Low
M005,24-01-2026 14:00,60.26,4.09,67,123.05,687,Running,Normal,Low
M010,24-01-2026 17:00,60.61,5.29,83.83,203.83,726,Running,Required,Medium
M006,24-01-2026 20:00,74.21,3.7,78.48,191.56,1125,Running,Required,Medium
M007,24-01-2026 23:00,58.77,2.91,72.22,150.9,885,Running,Normal,Low
M004,25-01-2026 02:00,74.21,6.02,84.1,160.1,1105,Alert,Required,High
M007,25-01-2026 05:00,37.59,2.74,72.52,170.05,1095,Running,Inspection,Low
M008,25-01-2026 08:00,74.13,4.32,79.68,197.92,745,Running,Inspection,Low
M001,25-01-2026 11:00,73.68,4.95,72.27,164.1,657,Running,Normal,Low
M006,25-01-2026 14:00,70.12,5.06,74.76,150.26,691,Running,Normal,Low
M008,25-01-2026 17:00,43.89,2.05,71.43,163.82,1175,Idle,Inspection,Low
M005,25-01-2026 20:00,71.17,5.38,72.67,160.05,939,Running,Inspection,Low
M004,25-01-2026 23:00,61.55,2.33,73.19,170.88,172,Running,Normal,Low
M002,26-01-2026 02:00,39.24,5.02,67.31,101.04,945,Running,Inspection,Low
M006,26-01-2026 05:00,73.68,4.6,69.19,153.84,246,Idle,Normal,Low
M006,26-01-2026 08:00,75,5.03,70.48,157.89,564,Running,Normal,Low
M001,26-01-2026 11:00,44.86,1.99,73.61,142.96,292,Running,Normal,Low
M009,26-01-2026 14:00,63.58,4.68,71.79,166.96,843,Running,Normal,Low
M006,26-01-2026 17:00,74.5,5.43,80.21,198.79,1059,Idle,Required,Medium
M003,26-01-2026 20:00,73.07,4.09,77.93,148.87,384,Idle,Normal,Low
M004,26-01-2026 23:00,69.52,2.57,70.63,164.37,144,Running,Normal,Low
M004,27-01-2026 02:00,38.17,5.18,81.67,189.98,393,Running,Normal,Low
M003,27-01-2026 05:00,68.57,3.97,85.11,149.52,823,Running,Inspection,Low
M010,27-01-2026 08:00,60.04,1.29,57.69,120.12,428,Running,Normal,Low
M003,27-01-2026 11:00,70.96,2.46,78.53,162.24,370,Running,Normal,Low
M003,27-01-2026 14:00,64.31,3.01,67.15,83.35,262,Running,Normal,Low
M004,27-01-2026 17:00,61.82,6.06,77.61,80.65,622,Running,Inspection,Low
M007,27-01-2026 20:00,67.77,5.8,80.67,154.32,367,Running,Normal,Low
M004,27-01-2026 23:00,60.45,5.79,65.86,79.34,891,Running,Normal,Low
M009,28-01-2026 02:00,,4.15,59.03,108.18,138,Running,Normal,Low
M001,28-01-2026 05:00,57,5.17,77.85,134.36,814,Running,Normal,Low
M008,28-01-2026 08:00,47.55,2.09,72.95,124.8,323,Idle,Normal,Low
M007,28-01-2026 11:00,67.11,3.81,60.32,140.86,613,Running,Normal,Low
M002,28-01-2026 14:00,54.75,4.48,89.71,176.16,379,Running,Inspection,Low
M008,28-01-2026 17:00,60.19,2.19,76.37,151.68,881,Running,Normal,Low
M001,28-01-2026 20:00,64.58,4.11,76.69,121.5,1137,Running,Inspection,Low
M009,28-01-2026 23:00,43.23,6.33,81.56,182.92,1105,Running,Required,Medium
M009,29-01-2026 02:00,45.25,4.64,67.93,104.99,721,Running,Normal,Low
M002,29-01-2026 05:00,59.3,5.18,72.91,151.21,582,Idle,Normal,Low
M007,29-01-2026 08:00,66.09,0.12,62.76,101.88,991,Running,Inspection,Low
M010,29-01-2026 11:00,68.7,6.14,67.74,152.06,836,Running,Inspection,Low
M003,29-01-2026 14:00,47.68,3.52,74.7,136.08,261,Idle,Normal,Low
M007,29-01-2026 17:00,67.73,2.65,60.34,175.3,994,Running,Inspection,Low
M010,29-01-2026 20:00,59.79,3.54,67.55,165.18,543,Idle,Normal,Low
M009,29-01-2026 23:00,54.05,1.57,65.5,128.56,267,Idle,Normal,Low
M004,30-01-2026 02:00,56.16,5.37,72.99,123.19,374,Running,Normal,Low
M001,30-01-2026 05:00,69.22,3.3,76.02,136.18,358,Running,Normal,Low
M002,30-01-2026 08:00,64.47,2.69,77.2,197.52,647,Running,Inspection,Low
M001,30-01-2026 11:00,62.45,3.55,78.99,190.33,320,Running,Inspection,Low
M005,30-01-2026 14:00,64.19,5.48,81.6,117.89,192,Running,Normal,Low
M005,30-01-2026 17:00,70.35,4,76.25,167.41,192,Idle,Normal,Low
M007,30-01-2026 20:00,61.13,1.69,85.21,96.52,721,Running,Inspection,Low
M009,30-01-2026 23:00,62.49,4.5,72.84,132.47,895,Running,Normal,Low
M009,31-01-2026 02:00,72.24,2.41,70.79,119.03,420,Running,Normal,Low
M003,31-01-2026 05:00,59.02,0.57,76.25,174.94,90,Running,Normal,Low
M003,31-01-2026 08:00,67.56,6.04,70.49,108.86,196,Running,Inspection,Low
M003,31-01-2026 11:00,57.47,4.49,84.97,157.02,1102,Running,Required,Medium
M004,31-01-2026 14:00,58.26,3.68,79.92,145.02,618,Running,Normal,Low
M008,31-01-2026 17:00,61.06,3.28,77.25,140.09,572,Running,Normal,Low
M006,31-01-2026 20:00,66.64,5.9,72.92,191.8,94,Running,Inspection,Low
M008,31-01-2026 23:00,72.75,8.43,69.15,194.27,888,Running,Required,Medium
M001,01-02-2026 02:00,62.87,4.47,76.91,140.96,657,Running,Normal,Low
M008,01-02-2026 05:00,48.5,2.26,64.11,135.31,282,Running,Normal,Low
M004,01-02-2026 08:00,67.68,3.57,82.74,102.81,177,Running,Inspection,Low
M001,01-02-2026 11:00,84.08,4.45,70.76,144.88,491,Running,Inspection,Low
M008,01-02-2026 14:00,62.98,0.28,74.14,199.69,1013,Running,Required,Medium
M004,01-02-2026 17:00,46.62,4.3,65.63,141.4,1045,Running,Inspection,Low
M006,01-02-2026 20:00,63.53,4.45,77.06,165.41,743,Running,Normal,Low
M008,01-02-2026 23:00,61.97,5.79,68.82,105.87,887,Running,Normal,Low
M004,02-02-2026 02:00,61.22,5.63,76.54,132.83,182,Running,Normal,Low
M003,02-02-2026 05:00,70.51,3.97,77.3,157.95,726,Running,Normal,Low
M009,02-02-2026 08:00,74.4,6.07,67.47,147.96,817,Running,Inspection,Low
M003,02-02-2026 11:00,68.15,6.85,64.14,168.09,281,Idle,Inspection,Low
M009,02-02-2026 14:00,60.8,3.84,82.72,128.13,1062,Running,Required,Medium
M002,02-02-2026 17:00,72.13,4.43,70.65,96,274,Running,Normal,Low
M002,02-02-2026 20:00,48.56,1.15,73.57,176.42,410,Running,Normal,Low
M002,02-02-2026 23:00,55.56,1.62,75.4,118.79,764,Running,Normal,Low
M006,03-02-2026 02:00,56.56,2.54,63.22,159.18,784,Idle,Normal,Low
M003,03-02-2026 05:00,61.72,3.13,75.24,157.62,854,Running,Normal,Low
M009,03-02-2026 08:00,66.56,2.16,72.69,98.41,179,Idle,Normal,Low
M004,03-02-2026 11:00,60.19,3.75,67.5,174.38,1027,Running,Inspection,Low
M001,03-02-2026 14:00,53.85,3.18,63.9,129.14,663,Running,Normal,Low
M004,03-02-2026 17:00,70.77,5.41,76.24,146.54,592,Running,Normal,Low
M001,03-02-2026 20:00,59.88,3.09,79.89,134.97,1178,Running,Inspection,Low
M005,03-02-2026 23:00,62.92,0.37,73.25,190.43,901,Running,Required,Medium
M004,04-02-2026 02:00,66.96,3.99,61.96,182.62,186,Running,Normal,Low
M008,04-02-2026 05:00,62.35,3.78,64.6,94.25,920,Running,Inspection,Low
M008,04-02-2026 08:00,62.39,2.51,68.98,208.25,160,Running,Inspection,Low
M007,04-02-2026 11:00,71.27,3.94,82.95,126.01,82,Idle,Inspection,Low
M003,04-02-2026 14:00,63.36,2.19,70.27,203.87,514,Running,Inspection,Low
M001,04-02-2026 17:00,69.77,4.29,68.72,137.83,1193,Running,Inspection,Low
M001,04-02-2026 20:00,66.9,7.75,60.29,135.45,251,Running,Inspection,Low
M003,04-02-2026 23:00,80.15,1.09,67.4,138.07,824,Running,Inspection,Low
M006,05-02-2026 02:00,65.68,3.03,63.37,133.78,249,Running,Normal,Low
M007,05-02-2026 05:00,67.74,2.79,64.98,215.68,884,Running,Inspection,Low
M006,05-02-2026 08:00,71.91,3.15,72.84,142.86,631,Idle,Normal,Low
M006,05-02-2026 11:00,62.57,5.33,69.19,136.54,832,Running,Normal,Low
M006,05-02-2026 14:00,56.26,4.61,83.9,147.16,283,Running,Inspection,Low
M003,05-02-2026 17:00,57.73,5.07,79.55,117.91,907,Running,Inspection,Low
M006,05-02-2026 20:00,57.82,3.85,67.74,189.72,1195,Running,Inspection,Low
M008,05-02-2026 23:00,53.45,1.82,65.58,103.81,815,Running,Normal,Low
M002,06-02-2026 02:00,64.86,2.13,81.68,127.81,618,Running,Normal,Low
M005,06-02-2026 05:00,56.33,4.92,83.62,171.23,1112,Running,Required,Medium
M001,06-02-2026 08:00,63.75,4.06,56.64,146.19,68,Idle,Normal,Low
M001,06-02-2026 11:00,60.57,5.69,72.65,160.38,889,Running,Normal,Low
M005,06-02-2026 14:00,61.63,4.24,70.24,187.93,1072,Running,Inspection,Low
M003,06-02-2026 17:00,67,2.03,76.54,173.11,121,Running,Normal,Low
M004,06-02-2026 20:00,57.12,3.02,85.6,148.85,568,Running,Inspection,Low
M003,06-02-2026 23:00,67.75,4.65,68.61,203.5,285,Running,Inspection,Low
M001,07-02-2026 02:00,76.11,4.87,57.58,127.41,701,Running,Inspection,Low
M001,07-02-2026 05:00,65.09,5.08,76.05,142.19,797,Running,Normal,Low
M005,07-02-2026 08:00,54.96,2.23,81.73,144.15,398,Idle,Normal,Low
M006,07-02-2026 11:00,56.46,2,69.87,142.13,579,Running,Normal,Low
M003,07-02-2026 14:00,59.77,3.52,67.06,115.06,371,Running,Normal,Low
M009,07-02-2026 17:00,56.65,5.96,68.94,100.66,475,Running,Normal,Low
M005,07-02-2026 20:00,53.08,2.76,77.95,156.68,233,Running,Normal,Low
M008,07-02-2026 23:00,63.39,4.48,68.82,127.26,1068,Running,Inspection,Low
M001,08-02-2026 02:00,60.01,4.48,74.3,198.42,62,Idle,Inspection,Low
M005,08-02-2026 05:00,63.71,4.94,72.19,142.97,1065,Running,Inspection,Low
M003,08-02-2026 08:00,72.68,6.3,71.47,137.96,707,Running,Inspection,Low
M001,08-02-2026 11:00,59.87,6.14,76.91,175.64,431,Running,Inspection,Low
M004,08-02-2026 14:00,51.33,2.91,68.65,156.26,882,Running,Normal,Low
M005,08-02-2026 17:00,58.41,0.65,68.99,140.09,634,Idle,Normal,Low
M007,08-02-2026 20:00,68.93,2.78,77.58,127.06,624,Running,Normal,Low
M001,08-02-2026 23:00,68.09,3.91,65.09,247.42,177,Running,Inspection,Low
M003,09-02-2026 02:00,66.67,3.26,65.84,155.13,498,Running,Normal,Low
M002,09-02-2026 05:00,56.38,6.75,63.18,175.36,327,Running,Inspection,Low
M009,09-02-2026 08:00,68.77,3.83,77.94,116.36,68,Running,Normal,Low
M010,09-02-2026 11:00,70.79,4.78,71.26,128.82,464,Running,Normal,Low
M006,09-02-2026 14:00,55.74,4.13,62.8,204.15,153,Running,Inspection,Low
M010,09-02-2026 17:00,61.63,3.28,77.98,184.11,345,Running,Normal,Low
M003,09-02-2026 20:00,80.18,0.91,68.11,157.81,156,Idle,Inspection,Low
M008,09-02-2026 23:00,55.34,3.68,65.9,134.32,166,Running,Normal,Low
M008,10-02-2026 02:00,46.65,8.68,70.63,138.45,279,Running,Inspection,Low
M002,10-02-2026 05:00,74.45,1.93,82.35,126.07,1200,Running,Required,Medium
M006,10-02-2026 08:00,72.23,1.08,69.24,112.61,53,Running,Normal,Low
M007,10-02-2026 11:00,57.89,6.7,76.03,170.87,784,Idle,Inspection,Low
M002,10-02-2026 14:00,60.98,4.91,77.09,160.09,212,Running,Normal,Low
M010,10-02-2026 17:00,50.98,4.08,75.1,165.61,1109,Running,Inspection,Low
M002,10-02-2026 20:00,62.8,5.84,80.9,135.57,158,Running,Normal,Low
M010,10-02-2026 23:00,72.49,2.55,67.05,152.16,1148,Running,Inspection,Low
M001,11-02-2026 02:00,57.12,3.64,64.7,132.9,753,Running,Normal,Low
M008,11-02-2026 05:00,69.89,5.23,64.56,124.64,51,Running,Normal,Low
M001,11-02-2026 08:00,66.17,6.97,70.99,191.68,1078,Alert,Required,High
M009,11-02-2026 11:00,67.2,2.05,65.37,148.4,650,Running,Normal,Low
M006,11-02-2026 14:00,57.64,5.72,73.03,159.21,352,Idle,Normal,Low
M007,11-02-2026 17:00,58.81,4.37,72.54,168.4,932,Running,Inspection,Low
M010,11-02-2026 20:00,45.38,4.04,79.13,148.75,1116,Running,Inspection,Low
M007,11-02-2026 23:00,56.9,3.79,74.04,151.74,606,Running,Normal,Low
M010,12-02-2026 02:00,72.47,1.72,69.09,114.57,413,Running,Normal,Low
M003,12-02-2026 05:00,53.64,5.24,74.88,119.91,957,Running,Inspection,Low
M002,12-02-2026 08:00,54.98,2.63,64.79,118.46,834,Idle,Normal,Low
M009,12-02-2026 11:00,67.76,2.18,71.73,161.95,1072,Idle,Inspection,Low
M008,12-02-2026 14:00,65.62,5.13,74.24,146.98,846,Idle,Normal,Low
M010,12-02-2026 17:00,68.21,4.98,72.91,119.91,330,Running,Normal,Low
M007,12-02-2026 20:00,51.53,3.92,74.91,161.24,1121,Idle,Inspection,Low
M009,12-02-2026 23:00,85.08,5.42,67.49,160.22,171,Running,Inspection,Low
M004,13-02-2026 02:00,51.06,5.94,80.06,125.54,358,Running,Normal,Low
M004,13-02-2026 05:00,63.39,5.76,84.76,144.22,648,Running,Inspection,Low
M001,13-02-2026 08:00,60.57,3.01,60.78,160.32,701,Running,Normal,Low
M008,13-02-2026 11:00,51.32,5.32,63.49,120.97,68,Running,Normal,Low
M003,13-02-2026 14:00,58.67,4.12,72.3,160.85,948,Running,Inspection,Low
M007,13-02-2026 17:00,62.21,6.39,70.2,153.43,466,Idle,Inspection,Low
M002,13-02-2026 20:00,56.15,3.61,85.27,117.02,517,Running,Inspection,Low
M002,13-02-2026 23:00,70.44,3.27,73.54,151.15,981,Running,Inspection,Low
M007,14-02-2026 02:00,60.55,2.88,81.75,155.24,486,Idle,Normal,Low
M006,14-02-2026 05:00,49.93,4.08,57.66,127.47,104,Running,Normal,Low
M003,14-02-2026 08:00,49.16,4.5,77.7,129.68,253,Idle,Normal,Low
M009,14-02-2026 11:00,67.46,4.53,66.99,116.76,1149,Running,Inspection,Low
M010,14-02-2026 14:00,48.62,4.32,66.88,132.43,131,Running,Normal,Low
M006,14-02-2026 17:00,64.85,4.81,70.26,144.66,458,Running,Normal,Low
M010,14-02-2026 20:00,66,3.47,62.03,129.75,629,Running,Normal,Low
M010,14-02-2026 23:00,53.04,2.49,75.1,103.42,617,Running,Normal,Low
M006,15-02-2026 02:00,70.02,2.36,73.34,125.72,55,Running,Normal,Low
M001,15-02-2026 05:00,46.54,5.26,73.86,133.32,626,Running,Normal,Low
M004,15-02-2026 08:00,64.67,4.51,78.21,167.87,491,Idle,Normal,Low
M010,15-02-2026 11:00,61.63,1.02,82.6,161.65,1168,Running,Required,Medium
M006,15-02-2026 14:00,60.93,5.45,69.45,168.41,233,Running,Normal,Low
M006,15-02-2026 17:00,51.4,6.62,75.34,124.31,457,Running,Inspection,Low
M005,15-02-2026 20:00,53.57,2.73,74.05,148.96,532,Running,Normal,Low
M001,15-02-2026 23:00,76.57,4.3,74.64,77.15,499,Running,Inspection,Low
M008,16-02-2026 02:00,72.94,3.09,74.75,157.01,816,Idle,Normal,Low
M005,16-02-2026 05:00,68.68,4.74,83.13,162.11,298,Running,Inspection,Low
M005,16-02-2026 08:00,70.46,2.05,68.78,135.15,304,Running,Normal,Low
M007,16-02-2026 11:00,69.61,3.69,61.32,153.27,889,Running,Normal,Low
M004,16-02-2026 14:00,59.09,5.27,67.11,102.58,625,Running,Normal,Low
M006,16-02-2026 17:00,62.43,5.65,77.3,122.57,527,Idle,Normal,Low
M004,16-02-2026 20:00,48.75,4.44,72.16,166.43,245,Running,Normal,Low
M003,16-02-2026 23:00,61.19,3.29,68.73,159.32,266,Running,Normal,Low
M007,17-02-2026 02:00,72.65,1.41,64.46,133.47,62,Running,Normal,Low
M008,17-02-2026 05:00,56.05,2.66,73.55,167.72,155,Running,Normal,Low
M004,17-02-2026 08:00,71.21,3.1,76.51,148.87,690,Running,Normal,Low
M002,17-02-2026 11:00,62.82,2.75,74.14,130.88,1076,Running,Inspection,Low
M010,17-02-2026 14:00,49.53,3.89,70.23,139.88,380,Idle,Normal,Low
M003,17-02-2026 17:00,52.03,3.29,73.03,132.25,427,Idle,Normal,Low
M001,17-02-2026 20:00,70.27,4.06,72.99,111.85,183,Running,Normal,Low
M008,17-02-2026 23:00,66.97,5.6,73.33,180.19,497,Running,Normal,Low
M003,18-02-2026 02:00,62.92,3.19,63.71,129.1,93,Running,Normal,Low
M010,18-02-2026 05:00,59.53,1.73,73.38,121.69,1105,Idle,Inspection,Low
M007,18-02-2026 08:00,63.9,2.75,68.92,102.18,824,Idle,Normal,Low
M010,18-02-2026 11:00,69.92,4.68,79.28,71.19,1189,Idle,Inspection,Low
M005,18-02-2026 14:00,75.28,4.82,72.93,164.64,1065,Running,Required,Medium
M010,18-02-2026 17:00,75.71,4.41,77.85,167.22,594,Running,Inspection,Low
M005,18-02-2026 20:00,65.35,5.75,69.89,178.41,648,Running,Normal,Low
M007,18-02-2026 23:00,60.45,3.52,70.14,140.83,269,Running,Normal,Low
M009,19-02-2026 02:00,63.32,6.88,82.46,135.98,581,Running,Required,Medium
M005,19-02-2026 05:00,66.7,5.03,75.05,130.78,1088,Running,Inspection,Low
M001,19-02-2026 08:00,66.66,0.01,67,133.34,108,Running,Normal,Low
M010,19-02-2026 11:00,73.77,6.5,78.28,176.35,1043,Running,Required,Medium
M010,19-02-2026 14:00,81.04,2.65,68.27,144.26,442,Running,Inspection,Low
M001,19-02-2026 17:00,60.15,2.25,73.58,155.59,1084,Running,Inspection,Low
M002,19-02-2026 20:00,81.4,4.59,84.86,132.62,1132,Alert,Required,High
M006,19-02-2026 23:00,72.55,1.19,61.98,181.98,821,Running,Normal,Low
M009,20-02-2026 02:00,61.09,2.76,70.77,91.67,814,Running,Normal,Low
M008,20-02-2026 05:00,75.49,6.14,74.86,110.83,571,Running,Required,Medium
M005,20-02-2026 08:00,77.17,4.63,77.35,155.63,1011,Running,Required,Medium
M001,20-02-2026 11:00,57.86,5.02,63.31,194.02,1156,Running,Required,Medium
M007,20-02-2026 14:00,77.59,2.81,61.25,138.7,941,Running,Required,Medium
M005,20-02-2026 17:00,71.68,1.49,79.64,121.41,765,Running,Normal,Low
M006,20-02-2026 20:00,83.32,4.86,66.96,173.02,748,Running,Inspection,Low
M007,20-02-2026 23:00,58.18,5.2,66.66,154.06,1027,Idle,Inspection,Low
M003,21-02-2026 02:00,58.82,5.13,82.85,181.13,672,Running,Inspection,Low
M010,21-02-2026 05:00,43.76,4.11,72.49,108.87,974,Running,Inspection,Low
M003,21-02-2026 08:00,67.14,2.35,72.53,178.93,635,Running,Normal,Low
M005,21-02-2026 11:00,65.38,7.46,70.74,101.64,122,Idle,Inspection,Low
M006,21-02-2026 14:00,56.93,4.52,63.43,136.93,492,Running,Normal,Low
M009,21-02-2026 17:00,61.26,3.54,76.73,156.56,561,Idle,Normal,Low
M005,21-02-2026 20:00,50.2,3.55,74.87,150.21,213,Idle,Normal,Low
M001,21-02-2026 23:00,72.79,4.02,73.18,174.7,168,Idle,Normal,Low
M004,22-02-2026 02:00,57.59,5.4,71.19,93.85,666,Idle,Normal,Low
M005,22-02-2026 05:00,89.85,4.08,69.95,148.95,148,Running,Inspection,Low
M010,22-02-2026 08:00,60.42,5.09,78.39,178.59,398,Running,Normal,Low
M010,22-02-2026 11:00,55.16,4.03,71.01,146.66,906,Idle,Inspection,Low
M005,22-02-2026 14:00,58.29,3.63,71.55,113.01,1159,Running,Inspection,Low
M007,22-02-2026 17:00,49.29,4.76,75.71,173.21,876,Running,Normal,Low
M004,22-02-2026 20:00,66.34,4.7,73.46,126.85,1192,Running,Inspection,Low
M001,22-02-2026 23:00,58.22,,83.5,121.92,853,Running,Inspection,Low
M005,23-02-2026 02:00,72.18,2.68,59.67,118.4,388,Idle,Normal,Low
M007,23-02-2026 05:00,59.53,4.31,74.1,139.44,823,Running,Normal,Low
M010,23-02-2026 08:00,74.46,3.92,67.06,150.13,857,Running,Normal,Low
M010,23-02-2026 11:00,68.82,2.97,65.41,109.47,477,Idle,Normal,Low
M006,23-02-2026 14:00,62.26,2.54,68.8,115.22,70,Running,Normal,Low
M005,23-02-2026 17:00,76.22,4.42,72.38,125.55,859,Running,Inspection,Low
M004,23-02-2026 20:00,70.57,4.63,72.69,118.26,75,Running,Normal,Low
M002,23-02-2026 23:00,88.52,3.26,61.38,146.03,776,Running,Inspection,Low
M004,24-02-2026 02:00,58.31,2.93,68.21,155.11,238,Running,Normal,Low
M010,24-02-2026 05:00,62.69,2.55,73.97,151.27,700,Running,Normal,Low
M010,24-02-2026 08:00,76.12,4.37,65.86,151.31,629,Running,Inspection,Low
M003,24-02-2026 11:00,48.11,2.59,64.2,191.79,66,Running,Inspection,Low
M010,24-02-2026 14:00,73.85,7.16,56.21,156.86,467,Running,Inspection,Low
M001,24-02-2026 17:00,65.95,3.18,67.36,166.95,741,Running,Normal,Low
M008,24-02-2026 20:00,54.01,0.16,63.95,133.39,1026,Running,Inspection,Low
M005,24-02-2026 23:00,49.73,3.75,65.11,171.43,1072,Running,Inspection,Low
M004,25-02-2026 02:00,55.95,3.69,70.1,132.05,606,Running,Normal,Low
M008,25-02-2026 05:00,41.44,5.47,67.8,156.52,888,Running,Normal,Low
M007,25-02-2026 08:00,57.59,4.23,63.84,106.6,414,Running,Normal,Low
M002,25-02-2026 11:00,67.6,2.55,57.19,149.65,444,Running,Normal,Low
M001,25-02-2026 14:00,57.71,3.37,74.12,117.69,274,Idle,Normal,Low
M004,25-02-2026 17:00,74.49,4.29,77.27,171.21,696,Running,Normal,Low
M008,25-02-2026 20:00,76.94,0.55,69.22,169.52,412,Running,Inspection,Low
M002,25-02-2026 23:00,73.48,5.81,70.14,131.93,147,Running,Normal,Low
M003,26-02-2026 02:00,64.08,2.55,72.02,202.39,838,Idle,Inspection,Low
M001,26-02-2026 05:00,41.08,5.93,83.05,137,864,Running,Inspection,Low
M001,26-02-2026 08:00,55.67,4.39,61.03,99.86,464,Running,Normal,Low
M003,26-02-2026 11:00,60.72,4.74,69.1,123.18,138,Running,Normal,Low
M005,26-02-2026 14:00,53.96,5.52,59.95,115.76,540,Running,Normal,Low
M003,26-02-2026 17:00,60.74,4.66,74.54,155.63,559,Running,Normal,Low
M001,26-02-2026 20:00,76.49,4.81,70.99,110.41,819,Running,Inspection,Low
M001,26-02-2026 23:00,47.19,3.55,73.42,129.9,413,Running,Normal,Low
M008,27-02-2026 02:00,78.31,4.36,73.07,153.81,835,Running,Inspection,Low
M010,27-02-2026 05:00,69.96,2.92,78.93,148.88,1052,Running,Inspection,Low
M002,27-02-2026 08:00,64.41,3.28,75.77,144.65,323,Running,Normal,Low
M003,27-02-2026 11:00,55.58,6.75,77.81,148.53,1176,Running,Required,Medium
M002,27-02-2026 14:00,54.13,2.59,64.54,134.63,494,Running,Normal,Low
M003,27-02-2026 17:00,47.36,4.03,80.35,100.09,357,Running,Normal,Low
M007,27-02-2026 20:00,77.45,3.97,66.94,133.89,535,Running,Inspection,Low
M001,27-02-2026 23:00,75.84,3.33,67.35,158.12,159,Idle,Inspection,Low
M010,28-02-2026 02:00,49.34,4.57,73.9,141.17,195,Running,Normal,Low
M008,28-02-2026 05:00,57.03,4.68,74.11,155.96,527,Idle,Normal,Low
M010,28-02-2026 08:00,65.9,2.41,64.5,128.57,927,Running,Inspection,Low
M010,28-02-2026 11:00,59.3,3.95,70.79,172.84,1085,Idle,Inspection,Low
M010,28-02-2026 14:00,44.73,2.18,82.42,73.42,815,Running,Inspection,Low
M002,28-02-2026 17:00,56.08,4.98,61.72,148.96,171,Running,Normal,Low
M003,28-02-2026 20:00,79.56,4.06,82.4,182.77,823,Idle,Required,Medium
M009,28-02-2026 23:00,56.69,3.92,70.31,186.94,781,Running,Normal,Low
M007,01-03-2026 02:00,60.53,4.79,55.64,138.51,977,Running,Inspection,Low
M004,01-03-2026 05:00,51.69,3.39,62.43,107.87,999,Running,Inspection,Low
M010,01-03-2026 08:00,67.29,5.17,65.26,183.26,1048,Running,Inspection,Low
M005,01-03-2026 11:00,63.04,2.38,67.63,143.55,526,Running,Normal,Low
M002,01-03-2026 14:00,55.32,5.92,71.27,140.55,853,Running,Normal,Low
M008,01-03-2026 17:00,50.26,2.97,53.08,120,358,Running,Normal,Low
M004,01-03-2026 20:00,74.64,1.26,73.31,110,1199,Running,Inspection,Low
M009,01-03-2026 23:00,47.55,3.31,64.61,160.79,252,Running,Normal,Low
M005,02-03-2026 02:00,66.53,3.14,81.73,163.76,62,Running,Normal,Low
M009,02-03-2026 05:00,42.62,3.3,70.11,150.64,221,Running,Normal,Low
M004,02-03-2026 08:00,68.36,4.15,78.6,123.61,942,Idle,Inspection,Low
M010,02-03-2026 11:00,70.73,5.45,79.77,115.18,564,Running,Normal,Low
M005,02-03-2026 14:00,71.85,3.51,79.58,104.9,565,Running,Normal,Low
M009,02-03-2026 17:00,60.55,2.76,68.04,129.3,1148,Running,Inspection,Low
M008,02-03-2026 20:00,76.26,2.11,67.95,116.84,1108,Running,Required,Medium
M003,02-03-2026 23:00,82.77,3.1,70.43,97.14,408,Running,Inspection,Low
M001,03-03-2026 02:00,59.11,0.97,76.45,163.24,290,Running,Normal,Low
M003,03-03-2026 05:00,57.94,2.71,68.43,108.07,1026,Running,Inspection,Low
M004,03-03-2026 08:00,63.34,5.67,71.17,172.55,1092,Running,Inspection,Low
M002,03-03-2026 11:00,57.7,2.56,73.92,156.03,673,Running,Normal,Low
M001,03-03-2026 14:00,56.39,4.74,65.67,153.24,774,Running,Normal,Low
M007,03-03-2026 17:00,57.17,1.96,65.22,191.63,345,Running,Inspection,Low
M008,03-03-2026 20:00,77.44,6.46,70.89,109,971,Alert,Required,High
M007,03-03-2026 23:00,68.95,6.56,71.82,169.47,777,Idle,Inspection,Low
M005,04-03-2026 02:00,57.67,4.69,75.04,136.67,629,Running,Normal,Low
M001,04-03-2026 05:00,39.9,6.79,76.7,216.99,119,Running,Required,Medium
M007,04-03-2026 08:00,48.1,4.33,64.31,134.34,1103,Running,Inspection,Low
M007,04-03-2026 11:00,66.53,4.95,66.32,129.82,758,Running,Normal,Low
M009,04-03-2026 14:00,42.91,5.69,65.2,156.92,272,Running,Normal,Low
M003,04-03-2026 17:00,64.64,4.07,81.89,139.15,747,Running,Normal,Low
M009,04-03-2026 20:00,52.41,1.47,71.16,123.76,829,Running,Normal,Low
M001,04-03-2026 23:00,62.83,4.98,72.11,117.83,655,Running,Normal,Low
M001,05-03-2026 02:00,62.57,3.09,72.4,185.83,876,Running,Normal,Low
M004,05-03-2026 05:00,63.09,3.2,66.99,112.42,719,Running,Normal,Low
M009,05-03-2026 08:00,58.45,4.25,82.95,151.25,1140,Running,Required,Medium
M006,05-03-2026 11:00,58.15,4.65,74.88,174.57,112,Running,Normal,Low
M003,05-03-2026 14:00,55.51,4.03,72.28,175.93,172,Running,Normal,Low
M001,05-03-2026 17:00,66.36,4.75,64.26,128.15,250,Running,Normal,Low
M004,05-03-2026 20:00,69.25,2.74,63.87,139.23,844,Running,Normal,Low
M009,05-03-2026 23:00,51.03,3.74,69.84,133.79,792,Idle,Normal,Low
M003,06-03-2026 02:00,61.54,5.07,67.1,102.02,1076,Running,Inspection,Low
M009,06-03-2026 05:00,63.77,6.46,64.53,160.05,893,Running,Inspection,Low
M007,06-03-2026 08:00,63.65,6.99,69.4,146.08,635,Running,Inspection,Low
M004,06-03-2026 11:00,63.5,4.45,70.49,185.34,1191,Idle,Inspection,Low
M003,06-03-2026 14:00,58.38,5.06,72.99,121.95,356,Running,Normal,Low
M010,06-03-2026 17:00,64.51,6.77,68.47,175.48,1008,Running,Required,Medium
M005,06-03-2026 20:00,67.56,2.79,64.95,177.46,541,Running,Normal,Low
M005,06-03-2026 23:00,63.27,4.74,65.19,146.32,796,Running,Normal,Low
M003,07-03-2026 02:00,66.55,4.95,80.49,84.22,886,Running,Normal,Low
M009,07-03-2026 05:00,70.91,5.97,63.24,130.65,779,Running,Normal,Low
M004,07-03-2026 08:00,45.34,2.09,74.54,195,212,Running,Inspection,Low
M005,07-03-2026 11:00,70.49,2.39,75.64,153.32,559,Running,Normal,Low
M004,07-03-2026 14:00,65.08,3.83,71.15,164.42,696,Running,Normal,Low
M005,07-03-2026 17:00,52,4.37,84.37,142.5,1026,Running,Required,Medium
M007,07-03-2026 20:00,69.22,5.48,75.51,138.74,560,Running,Normal,Low
M009,07-03-2026 23:00,58.42,4.58,84.9,92.71,1107,Running,Required,Medium
M007,08-03-2026 02:00,59.64,3.57,67.44,167.25,556,Running,Normal,Low
M005,08-03-2026 05:00,57.43,4.42,67.56,175.23,681,Running,Normal,Low
M010,08-03-2026 08:00,64.72,4.25,75.69,118.38,966,Running,Inspection,Low
M010,08-03-2026 11:00,54.93,6.42,70.17,139.99,721,Running,Inspection,Low
M007,08-03-2026 14:00,70.11,4.05,83.8,136.22,1154,Running,Required,Medium
M010,08-03-2026 17:00,60.75,3.23,74.39,156.76,809,Running,Normal,Low
M005,08-03-2026 20:00,58.72,4.47,64.69,129.76,651,Running,Normal,Low
M003,08-03-2026 23:00,68.78,4.1,59.84,171.08,77,Running,Normal,Low
M007,09-03-2026 02:00,59.12,1.44,71.45,147,526,Running,Normal,Low
M002,09-03-2026 05:00,70.53,3.78,71.38,73.62,394,Running,Normal,Low
M009,09-03-2026 08:00,70.82,3.65,74.2,157.4,910,Running,Inspection,Low
M010,09-03-2026 11:00,49.99,2.98,80.47,172.9,290,Running,Normal,Low
M010,09-03-2026 14:00,71.98,5.35,79.55,112.74,286,Running,Normal,Low
M001,09-03-2026 17:00,48.84,2.62,67.95,156.44,268,Running,Normal,Low
M006,09-03-2026 20:00,72.54,4.48,62.94,196.24,194,Running,Inspection,Low
M007,09-03-2026 23:00,80.26,3.58,63.36,148.14,408,Running,Inspection,Low
M008,10-03-2026 02:00,69.87,3.96,66.84,176.97,1069,Idle,Inspection,Low
M010,10-03-2026 05:00,42.59,4.42,69.43,132.62,941,Running,Inspection,Low
M009,10-03-2026 08:00,71.57,1.84,74.14,144.5,896,Running,Normal,Low
M002,10-03-2026 11:00,82.22,4.09,66.39,139.27,967,Running,Required,Medium
M010,10-03-2026 14:00,59.27,7.23,73.96,134.16,360,Running,Inspection,Low
M002,10-03-2026 17:00,61.69,1.46,74.53,140.86,1071,Running,Inspection,Low
M005,10-03-2026 20:00,51.3,3.71,73,99.34,208,Running,Normal,Low
M005,10-03-2026 23:00,64.81,5.48,64.1,135.74,437,Running,Normal,Low
M006,11-03-2026 02:00,73.42,4.25,75.27,182.46,725,Running,Normal,Low
M003,11-03-2026 05:00,68.28,4.83,86.57,118.02,168,Running,Inspection,Low
M008,11-03-2026 08:00,90.28,0.24,73.72,115.15,890,Running,Inspection,Low
M001,11-03-2026 11:00,62.3,4.7,51.33,146.71,495,Running,Normal,Low
M006,11-03-2026 14:00,47.32,2.66,80.69,148.11,952,Running,Inspection,Low
M004,11-03-2026 17:00,63.54,4.26,67.08,155.57,617,Idle,Normal,Low
M001,11-03-2026 20:00,40.25,3.76,87.86,141.82,258,Running,Inspection,Low
M007,11-03-2026 23:00,57.2,7.22,72.81,147.01,895,Running,Inspection,Low
M009,12-03-2026 02:00,76.62,4.62,60.21,135.18,340,Running,Inspection,Low
M004,12-03-2026 05:00,64.93,3.63,57.55,109.28,614,Running,Normal,Low
M004,12-03-2026 08:00,63.61,1.54,82.78,143,137,Running,Inspection,Low
M006,12-03-2026 11:00,78.39,3.98,79.74,165.29,761,Idle,Inspection,Low
M003,12-03-2026 14:00,59.56,5.03,87.58,159.42,816,Running,Inspection,Low
M006,12-03-2026 17:00,73.36,3.68,72.08,96.16,485,Idle,Normal,Low
M007,12-03-2026 20:00,63.16,3.04,71.6,152.05,1148,Running,Inspection,Low
M010,12-03-2026 23:00,65.42,2.94,69.32,120,1055,Running,Inspection,Low
M010,13-03-2026 02:00,51.04,4.6,67.39,183.98,864,Idle,Normal,Low
M003,13-03-2026 05:00,57.66,4.94,69.25,154.14,871,Running,Normal,Low
M007,13-03-2026 08:00,49.42,5.84,73.52,170.1,340,Running,Normal,Low
M003,13-03-2026 11:00,61.14,2.31,66.09,145.59,805,Running,Normal,Low
M002,13-03-2026 14:00,65.51,4.59,60.31,143.15,278,Idle,Normal,Low
M010,13-03-2026 17:00,52.01,3.62,73.12,186.88,216,Running,Normal,Low
M004,13-03-2026 20:00,80.44,3.66,65.94,172.24,1199,Idle,Required,Medium
M008,13-03-2026 23:00,64.5,4.4,49.32,148.3,766,Running,Normal,Low
M009,14-03-2026 02:00,62.52,4.41,75.87,139.41,546,Running,Normal,Low
M007,14-03-2026 05:00,68.93,4.59,64.24,97.2,381,Idle,Normal,Low
M001,14-03-2026 08:00,54.54,2.21,76.63,154.09,745,Running,Normal,Low
M003,14-03-2026 11:00,63.47,2.68,76.46,141.47,107,Idle,Normal,Low
M009,14-03-2026 14:00,55.55,6.03,73.99,160.51,159,Running,Inspection,Low
M001,14-03-2026 17:00,76.03,3.47,89.48,169.02,88,Running,Required,Medium
M009,14-03-2026 20:00,52.47,4.26,71.03,179.52,624,Running,Normal,Low
M008,14-03-2026 23:00,62.57,5.38,70,154.44,741,Running,Normal,Low
M001,15-03-2026 02:00,64.96,4.5,76.79,115.7,122,Running,Normal,Low
M006,15-03-2026 05:00,65.55,4.62,71.61,84.82,879,Idle,Normal,Low
M005,15-03-2026 08:00,56.77,5.14,80.12,121.91,315,Idle,Normal,Low
M006,15-03-2026 11:00,53.94,0.63,63.12,182.34,838,Running,Normal,Low
M010,15-03-2026 14:00,56.9,3.07,63.23,196.06,1179,Idle,Required,Medium
M005,15-03-2026 17:00,66.75,4.5,77.36,138.34,845,Idle,Normal,Low
M006,15-03-2026 20:00,60.71,5.88,63.85,104.09,1066,Running,Inspection,Low
M005,15-03-2026 23:00,69.17,3.9,76.26,126.84,1140,Running,Inspection,Low
M005,16-03-2026 02:00,66.29,2.53,74.59,176.86,610,Idle,Normal,Low
M004,16-03-2026 05:00,41.51,2.57,67.14,128.45,858,Running,Normal,Low
M003,16-03-2026 08:00,64.23,5.13,74.57,161.5,1030,Idle,Inspection,Low
M003,16-03-2026 11:00,82.25,3.47,63.36,149.72,460,Idle,Inspection,Low
M004,16-03-2026 14:00,73.93,3.79,65,164.88,351,Idle,Normal,Low
M009,16-03-2026 17:00,65.8,4.72,70.34,195.9,1139,Running,Required,Medium
M002,16-03-2026 20:00,52.47,-0.55,72.55,161.51,885,Running,Normal,Low
M009,16-03-2026 23:00,66.3,6.8,69.87,149.11,303,Running,Inspection,Low
M001,17-03-2026 02:00,68.66,2.7,75.03,198.99,566,Running,Inspection,Low
M001,17-03-2026 05:00,59.72,4.16,74.72,154.79,966,Running,Inspection,Low
M005,17-03-2026 08:00,64.85,1.24,82.71,122.8,679,Running,Inspection,Low
M006,17-03-2026 11:00,75.59,3.17,71.33,164.25,797,Running,Inspection,Low
M006,17-03-2026 14:00,54.28,5.67,80.36,157.53,917,Idle,Inspection,Low
M003,17-03-2026 17:00,52.48,0.93,78.45,136.38,765,Running,Normal,Low
M007,17-03-2026 20:00,68.23,5.49,88.06,130.51,671,Running,Inspection,Low
M009,17-03-2026 23:00,66.12,3.39,71.11,136.65,912,Running,Inspection,Low
M010,18-03-2026 02:00,71.26,4.53,69.06,130.11,887,Running,Normal,Low
M008,18-03-2026 05:00,67.13,4.79,80.8,137.56,774,Running,Normal,Low
M006,18-03-2026 08:00,56.89,4.46,74.7,121.4,464,Running,Normal,Low
M008,18-03-2026 11:00,65.89,2.5,80.97,155.81,517,Running,Normal,Low
M005,18-03-2026 14:00,51.72,3.25,77.02,153.71,1166,Running,Inspection,Low
M008,18-03-2026 17:00,59.75,1.61,57.25,154.67,179,Running,Normal,Low
M010,18-03-2026 20:00,,4.54,74.63,143.25,359,Idle,Normal,Low
M004,18-03-2026 23:00,58.76,6.35,74.18,140.03,616,Running,Inspection,Low
M010,19-03-2026 02:00,84.21,1.06,72.93,185.38,1012,Idle,Required,Medium
M008,19-03-2026 05:00,44.97,2.66,71.07,146.89,238,Idle,Normal,Low
M010,19-03-2026 08:00,57.07,3.53,60.85,180.39,368,Idle,Normal,Low
M002,19-03-2026 11:00,53.56,4.06,78.12,117.1,126,Idle,Normal,Low
M005,19-03-2026 14:00,55.7,5.12,74.62,161.5,862,Running,Normal,Low
M009,19-03-2026 17:00,56.21,3.57,79.71,124.43,324,Running,Normal,Low
M004,19-03-2026 20:00,50.06,3.33,61.23,129.43,497,Running,Normal,Low
M006,19-03-2026 23:00,68.77,5.45,75.55,133.47,560,Running,Normal,Low
M001,20-03-2026 02:00,57.08,4.79,70.36,131.71,1075,Running,Inspection,Low
M009,20-03-2026 05:00,63.47,4.61,73.01,131.85,523,Running,Normal,Low
M001,20-03-2026 08:00,58.09,3.97,70.44,179.08,217,Idle,Normal,Low
M005,20-03-2026 11:00,55.78,5.27,75.81,146.27,653,Idle,Normal,Low
M004,20-03-2026 14:00,77.05,2.82,70.86,151.3,1157,Running,Required,Medium
M003,20-03-2026 17:00,70.31,2.61,64.64,132.2,749,Running,Normal,Low
M006,20-03-2026 20:00,45.19,4.92,72.6,168.99,1181,Idle,Inspection,Low
M002,20-03-2026 23:00,44.23,1.36,70.5,154.94,1017,Running,Inspection,Low
M003,21-03-2026 02:00,71.38,3.94,71.42,136.35,91,Running,Normal,Low
M005,21-03-2026 05:00,57.32,3.33,49.69,100.64,807,Running,Normal,Low
M009,21-03-2026 08:00,47.16,1.69,76.78,151.06,380,Running,Normal,Low
M002,21-03-2026 11:00,71.41,2.4,69.8,161.12,694,Running,Normal,Low
M010,21-03-2026 14:00,63.52,3.64,62.56,117.59,371,Idle,Normal,Low
M008,21-03-2026 17:00,64.26,5.35,78.46,136.73,451,Running,Normal,Low
M002,21-03-2026 20:00,69.29,2.82,76.45,160.04,1112,Running,Inspection,Low
M005,21-03-2026 23:00,50.21,5.62,69.71,101.01,288,Running,Normal,Low
M007,22-03-2026 02:00,47.32,3.89,63.93,126.83,1055,Running,Inspection,Low
M008,22-03-2026 05:00,76.23,5.77,73.25,155.55,85,Idle,Inspection,Low
M001,22-03-2026 08:00,49.07,2.89,72.86,175.94,155,Running,Normal,Low
M006,22-03-2026 11:00,51,3.73,78.47,206.2,1033,Running,Required,Medium
M001,22-03-2026 14:00,52.8,4.35,68.89,199.84,775,Running,Inspection,Low
M002,22-03-2026 17:00,80.72,3.53,80.36,149.03,909,Running,Required,Medium
M001,22-03-2026 20:00,66.44,5.23,68.22,131.44,291,Running,Normal,Low
M005,22-03-2026 23:00,70.69,0.49,62.58,170.85,668,Running,Normal,Low
M010,23-03-2026 02:00,63.77,7.43,64.07,129.78,898,Running,Inspection,Low
M009,23-03-2026 05:00,56.58,5.09,71.56,123.66,771,Running,Normal,Low
M006,23-03-2026 08:00,67.68,3.54,71.54,136.45,592,Running,Normal,Low
M001,23-03-2026 11:00,47.99,2.97,74.3,132.94,1154,Idle,Inspection,Low
M001,23-03-2026 14:00,52.14,2.5,71.37,156.55,828,Idle,Normal,Low
M002,23-03-2026 17:00,68.6,4.77,78.84,128.13,1094,Running,Inspection,Low
M009,23-03-2026 20:00,49.78,5.29,70.17,147.38,889,Running,Normal,Low
M003,23-03-2026 23:00,60.3,3.56,58.03,189.66,896,Running,Normal,Low
M001,24-03-2026 02:00,60.71,5.46,71.15,148.42,142,Idle,Normal,Low
M005,24-03-2026 05:00,57.24,2.44,57.95,187.47,463,Running,Normal,Low
M007,24-03-2026 08:00,44.44,2.17,73.9,178.66,1037,Running,Inspection,Low
M006,24-03-2026 11:00,56.34,6.52,79.4,161.58,317,Running,Inspection,Low
M001,24-03-2026 14:00,54.58,4.69,65.1,135.08,183,Idle,Normal,Low
M005,24-03-2026 17:00,63.45,5.9,81.93,174.13,425,Running,Normal,Low
M005,24-03-2026 20:00,62.99,2.52,77.9,138,304,Running,Normal,Low
M006,24-03-2026 23:00,65.4,2.41,80.45,144.94,1114,Running,Inspection,Low
M003,25-03-2026 02:00,55.92,3.26,73.33,154.25,1048,Running,Inspection,Low
M005,25-03-2026 05:00,66.71,2.56,65.05,144.85,625,Running,Normal,Low
M007,25-03-2026 08:00,48,4.86,77.47,124.83,121,Idle,Normal,Low
M005,25-03-2026 11:00,45.6,2.67,67.63,102.24,872,Idle,Normal,Low
M005,25-03-2026 14:00,40.98,2.04,72.83,171.86,767,Running,Normal,Low
M005,25-03-2026 17:00,57.51,4.01,70.8,160.97,1166,Idle,Inspection,Low
M010,25-03-2026 20:00,55.22,1.87,79.87,96.82,693,Running,Normal,Low
M010,25-03-2026 23:00,69.1,1.1,77.11,124.09,437,Running,Normal,Low
M003,26-03-2026 02:00,56.16,4,71.44,150.01,647,Running,Normal,Low
M001,26-03-2026 05:00,64.46,1.18,58.34,157.39,1176,Idle,Inspection,Low
M005,26-03-2026 08:00,69.32,4.96,67.55,102.48,851,Running,Normal,Low
M009,26-03-2026 11:00,55.82,1.71,76.93,142.5,823,Running,Normal,Low
M001,26-03-2026 14:00,64.68,0.44,73.96,160.11,327,Idle,Normal,Low
M003,26-03-2026 17:00,71.02,3.36,61.48,135.16,905,Running,Inspection,Low
M004,26-03-2026 20:00,50.86,4.02,59.35,152.16,913,Running,Inspection,Low
M001,26-03-2026 23:00,62.22,4.54,73.37,131.35,415,Running,Normal,Low
M001,27-03-2026 02:00,55.86,4.06,64.6,170.46,606,Running,Normal,Low
M008,27-03-2026 05:00,51.43,2.21,65.27,122.62,389,Idle,Normal,Low
M002,27-03-2026 08:00,48.17,4.87,76.71,113.02,348,Running,Normal,Low
M008,27-03-2026 11:00,51.28,5.24,80.42,145.81,80,Running,Normal,Low
M007,27-03-2026 14:00,62.54,1.99,66.75,104.86,378,Running,Normal,Low
M010,27-03-2026 17:00,47.5,3.53,71.69,86.06,687,Running,Normal,Low
M010,27-03-2026 20:00,57.04,3.39,71.48,175.34,52,Running,Normal,Low
M002,27-03-2026 23:00,69.32,4.13,70.85,117.44,376,Running,Normal,Low
M006,28-03-2026 02:00,66.04,3.49,72.28,107.66,1064,Idle,Inspection,Low
M006,28-03-2026 05:00,57.23,3.7,77.3,122.27,733,Running,Normal,Low
M003,28-03-2026 08:00,77.21,4.76,67.28,121.01,749,Running,Inspection,Low
M002,28-03-2026 11:00,79.04,2.13,61.32,141.02,514,Running,Inspection,Low
M001,28-03-2026 14:00,62.24,4.91,83.83,114.38,828,Running,Inspection,Low
M006,28-03-2026 17:00,39.78,5.51,79.63,158.95,268,Running,Normal,Low
M005,28-03-2026 20:00,69.98,6.25,64.27,163.09,992,Running,Required,Medium
M009,28-03-2026 23:00,41.35,0.58,72.95,109.3,184,Idle,Normal,Low
M001,29-03-2026 02:00,75.29,3.53,79.07,127.69,804,Running,Inspection,Low
M007,29-03-2026 05:00,71.75,0.85,77.24,130.35,442,Running,Normal,Low
M005,29-03-2026 08:00,77.97,0.15,75.23,140.38,910,Running,Required,Medium
M005,29-03-2026 11:00,64.34,4.02,70.81,175.32,682,Idle,Normal,Low
M002,29-03-2026 14:00,58.75,3.2,84.09,176.93,570,Running,Inspection,Low
M003,29-03-2026 17:00,57.95,4.25,73.55,214.97,245,Running,Inspection,Low
M007,29-03-2026 20:00,57.08,4.53,68.4,81.46,782,Running,Normal,Low
M006,29-03-2026 23:00,70.83,5.67,78.1,119.12,1171,Running,Inspection,Low
M002,30-03-2026 02:00,68.41,3.88,72.67,195.79,999,Running,Required,Medium
M006,30-03-2026 05:00,63.08,8.19,74.45,94.58,119,Idle,Inspection,Low
M002,30-03-2026 08:00,55.5,4.26,73.42,195.16,483,Running,Inspection,Low
M002,30-03-2026 11:00,85.66,6.56,75.48,149.13,1114,Alert,Required,High
M002,30-03-2026 14:00,70.21,0.3,65.15,150.16,629,Running,Normal,Low
M003,30-03-2026 17:00,47.62,5.82,61.84,109.17,811,Running,Normal,Low
M002,30-03-2026 20:00,57.35,3.53,82.04,132.37,1099,Running,Required,Medium
M004,30-03-2026 23:00,70.39,0.88,73.75,193.93,1055,Running,Required,Medium
M009,31-03-2026 02:00,54.8,4.43,77.4,143.66,627,Running,Normal,Low
M006,31-03-2026 05:00,65.16,3.35,59.68,132.55,553,Running,Normal,Low
M001,31-03-2026 08:00,70.56,4.67,79.47,156.36,441,Running,Normal,Low
M008,31-03-2026 11:00,31.5,5.32,68.35,139.62,877,Running,Normal,Low
M007,31-03-2026 14:00,61.03,1.57,66.36,154.66,380,Idle,Normal,Low
M010,31-03-2026 17:00,61.38,5.32,71.56,121.21,337,Running,Normal,Low
M003,31-03-2026 20:00,58.29,3.81,65.15,142.84,460,Running,Normal,Low
M001,31-03-2026 23:00,64.72,5.83,71.99,127.05,254,Idle,Normal,Low
M005,01-04-2026 02:00,67.92,3.49,71.05,94.49,849,Running,Normal,Low
M004,01-04-2026 05:00,63.28,3.09,79.42,158.49,759,Idle,Normal,Low
M010,01-04-2026 08:00,58.64,3.84,82.59,110.45,605,Idle,Inspection,Low
M008,01-04-2026 11:00,67.69,3.95,82.37,140.39,499,Idle,Inspection,Low
M001,01-04-2026 14:00,62.44,2.81,56.15,170.93,1095,Running,Inspection,Low
M010,01-04-2026 17:00,59.92,3.06,65.45,103.06,83,Running,Normal,Low
M001,01-04-2026 20:00,50.19,1.96,56.08,161.93,934,Running,Inspection,Low
M004,01-04-2026 23:00,47.94,3.15,63.65,136.61,1087,Running,Inspection,Low
M008,02-04-2026 02:00,50.02,4.81,67.45,117.94,563,Running,Normal,Low
M005,02-04-2026 05:00,64.5,3.59,74.87,201.64,683,Running,Inspection,Low
M002,02-04-2026 08:00,61.29,5.31,68.36,144.98,1136,Running,Inspection,Low
M006,02-04-2026 11:00,48.68,3.52,68.56,129.09,294,Running,Normal,Low
M005,02-04-2026 14:00,67.81,1.65,73.27,123.15,648,Idle,Normal,Low
M002,02-04-2026 17:00,74.37,4.7,60.03,169.67,596,Idle,Normal,Low
M003,02-04-2026 20:00,56.61,2.79,66.13,127.86,347,Idle,Normal,Low
M009,02-04-2026 23:00,46.33,3.45,68.48,166.18,991,Running,Inspection,Low
M007,03-04-2026 02:00,55.62,5.66,70.58,144.93,1085,Idle,Inspection,Low
M007,03-04-2026 05:00,69.69,2.06,72.54,176.25,949,Running,Inspection,Low
M006,03-04-2026 08:00,66.94,4.05,82.5,115.81,275,Running,Inspection,Low
M008,03-04-2026 11:00,53.7,3.74,78.36,119.71,150,Running,Normal,Low
M004,03-04-2026 14:00,75.69,4.85,66.61,137.13,746,Idle,Inspection,Low
M008,03-04-2026 17:00,74.13,5.08,70.17,139.45,116,Idle,Normal,Low
M004,03-04-2026 20:00,55.4,4.2,69.69,135.07,824,Running,Normal,Low
M008,03-04-2026 23:00,55.31,3.26,68.4,218.68,660,Running,Inspection,Low
M009,04-04-2026 02:00,56.66,4.51,73.91,202.77,812,Running,Inspection,Low
M003,04-04-2026 05:00,57.43,5.8,58.98,153.37,729,Running,Normal,Low
M003,04-04-2026 08:00,70.55,3.76,78.17,156.68,536,Idle,Normal,Low
M002,04-04-2026 11:00,65.83,3.4,83.85,138.38,281,Idle,Inspection,Low
M010,04-04-2026 14:00,69.89,4.38,70.11,115.6,402,Running,Normal,Low
M003,04-04-2026 17:00,68.06,3.86,69.97,139.9,653,Running,Normal,Low
M003,04-04-2026 20:00,77.43,1.79,73.1,166.59,800,Running,Inspection,Low
M005,04-04-2026 23:00,52.47,4.16,79.14,181.56,946,Running,Inspection,Low
M005,05-04-2026 02:00,65.42,1.78,69.73,172.88,932,Running,Inspection,Low
M002,05-04-2026 05:00,42.44,4.36,78.54,102.73,1169,Running,Inspection,Low
M010,05-04-2026 08:00,50.15,2.6,75.42,136.9,379,Running,Normal,Low
M006,05-04-2026 11:00,61.33,3.86,88.53,103.87,132,Running,Inspection,Low
M005,05-04-2026 14:00,65.76,4.39,69.7,177.73,448,Running,Normal,Low
M006,05-04-2026 17:00,61.08,7.48,58.17,133.45,905,Running,Required,Medium
M001,05-04-2026 20:00,56.9,4.91,61.97,143.68,554,Running,Normal,Low
M005,05-04-2026 23:00,58.5,5.85,72.08,158.44,990,Running,Inspection,Low
M009,06-04-2026 02:00,74.32,6.61,79.2,222.45,682,Running,Required,Medium
M010,06-04-2026 05:00,58.54,4.53,67.43,152.51,1119,Idle,Inspection,Low
M002,06-04-2026 08:00,77.74,4.23,70.38,138.33,1140,Idle,Required,Medium
M001,06-04-2026 11:00,69.15,2.2,76.79,110.25,130,Idle,Normal,Low
M010,06-04-2026 14:00,66.12,3.63,65.24,185.84,575,Idle,Normal,Low
M009,06-04-2026 17:00,51.26,2.72,67.72,139.91,751,Running,Normal,Low
M010,06-04-2026 20:00,70.42,3.2,63.83,191.4,344,Running,Inspection,Low
M009,06-04-2026 23:00,57.56,6.61,80.25,175.96,518,Running,Inspection,Low
M009,07-04-2026 02:00,51.25,3.97,82.79,132.04,829,Idle,Inspection,Low
M006,07-04-2026 05:00,66.62,2.49,60.94,106.02,311,Idle,Normal,Low
M008,07-04-2026 08:00,49.51,5.86,71,152.63,742,Running,Normal,Low
M001,07-04-2026 11:00,55.14,5.23,81.85,127.78,852,Running,Normal,Low
M010,07-04-2026 14:00,61.91,5.31,74.79,146.1,154,Running,Normal,Low
M004,07-04-2026 17:00,81.97,0.79,68.58,174.37,622,Running,Inspection,Low
M001,07-04-2026 20:00,55.82,6.72,61.18,98.7,353,Running,Inspection,Low
M008,07-04-2026 23:00,57.88,2.96,80.07,152.41,883,Running,Normal,Low
M001,08-04-2026 02:00,68.59,4.97,74.52,166.27,268,Running,Normal,Low
M003,08-04-2026 05:00,50.86,7.59,61.69,167.63,1076,Running,Required,Medium
M004,08-04-2026 08:00,65.99,7.03,80.33,106.82,546,Running,Inspection,Low
M008,08-04-2026 11:00,72.85,2.33,60.8,156.74,278,Running,Normal,Low
M006,08-04-2026 14:00,59.24,1.63,70.46,178.7,554,Idle,Normal,Low
M010,08-04-2026 17:00,71.24,5.95,70.15,154.61,520,Running,Normal,Low
M007,08-04-2026 20:00,64.62,4.01,83.33,141.76,543,Running,Inspection,Low
M008,08-04-2026 23:00,55.42,3.05,70.17,176.91,723,Running,Normal,Low
M002,09-04-2026 02:00,60.22,4.73,70.15,125.56,649,Running,Normal,Low
M010,09-04-2026 05:00,58.58,3.56,62.46,102.16,222,Running,Normal,Low
M008,09-04-2026 08:00,61.21,4.85,67.52,139.38,125,Running,Normal,Low
M003,09-04-2026 11:00,63.37,3.9,66.28,159.98,889,Running,Normal,Low
M007,09-04-2026 14:00,67.29,4.88,66.64,174.09,694,Idle,Normal,Low
M003,09-04-2026 17:00,66.58,2.46,72.04,159.85,463,Running,Normal,Low
M007,09-04-2026 20:00,40.11,5.94,54.96,168.4,980,Idle,Inspection,Low
M002,09-04-2026 23:00,61.12,4.85,61.43,174.27,496,Running,Normal,Low
M010,10-04-2026 02:00,48.42,4.77,71.22,135.5,965,Running,Inspection,Low
M006,10-04-2026 05:00,59.52,2.12,72.85,140.86,402,Running,Normal,Low
M003,10-04-2026 08:00,60.89,6.35,70.37,181.04,134,Running,Inspection,Low
M003,10-04-2026 11:00,70.79,3.78,71.71,111.12,1123,Running,Inspection,Low
M009,10-04-2026 14:00,61.73,4.89,69.14,157.02,504,Idle,Normal,Low
M007,10-04-2026 17:00,64.33,3.32,71.87,124.93,962,Running,Inspection,Low
M005,10-04-2026 20:00,69.14,4.19,75.04,175.81,371,Running,Normal,Low
M010,10-04-2026 23:00,73.05,4.25,74.99,144.5,793,Running,Normal,Low
M007,11-04-2026 02:00,60.89,-0.43,67.18,145.21,1054,Running,Inspection,Low
M009,11-04-2026 05:00,62.85,4.67,78.41,193.41,98,Idle,Inspection,Low
M001,11-04-2026 08:00,62.09,6.75,73.1,114.87,1005,Idle,Required,Medium
M007,11-04-2026 11:00,57.12,4.61,80.63,151.04,707,Running,Normal,Low
M006,11-04-2026 14:00,55.08,2.36,82.03,139.96,749,Idle,Inspection,Low
M010,11-04-2026 17:00,41.55,4.77,61.9,,652,Running,Normal,Low
M009,11-04-2026 20:00,52.31,5.39,65.99,199.02,1056,Running,Required,Medium
M001,11-04-2026 23:00,45.99,4.57,77.69,128.05,100,Running,Normal,Low
M004,12-04-2026 02:00,73.3,3.69,60.35,111.47,350,Idle,Normal,Low
M009,12-04-2026 05:00,63.7,3.44,81.94,122.34,1057,Running,Inspection,Low
M004,12-04-2026 08:00,60.87,3.43,69.59,138.48,915,Running,Inspection,Low
M010,12-04-2026 11:00,55.54,4.85,76.03,146.8,70,Running,Normal,Low
M003,12-04-2026 14:00,62.27,1.69,71.19,148.21,645,Running,Normal,Low
M009,12-04-2026 17:00,54.37,3.24,62.25,195.47,659,Running,Inspection,Low
M002,12-04-2026 20:00,63.57,6.19,79.39,190.5,511,Running,Required,Medium
M004,12-04-2026 23:00,64.21,6.25,91.26,181.48,392,Running,Required,Medium
M006,13-04-2026 02:00,54.25,1.58,68.39,215.4,834,Running,Inspection,Low
M002,13-04-2026 05:00,54.08,2.1,69.74,168.07,289,Running,Normal,Low
M008,13-04-2026 08:00,70.66,3.39,53.46,176.03,969,Running,Inspection,Low
M008,13-04-2026 11:00,61.52,5.14,81.46,167.53,973,Running,Inspection,Low
M001,13-04-2026 14:00,54.97,1.06,78.38,162.95,528,Running,Normal,Low
M003,13-04-2026 17:00,58.67,3.72,59.87,156.04,376,Idle,Normal,Low
M010,13-04-2026 20:00,52.9,3.09,57.55,133.89,376,Running,Normal,Low
M009,13-04-2026 23:00,61.4,5.79,58.36,110.09,605,Running,Normal,Low
M005,14-04-2026 02:00,69.48,1.28,76.52,141.34,878,Running,Normal,Low
M006,14-04-2026 05:00,61.75,3.94,77.21,160.84,463,Idle,Normal,Low
M004,14-04-2026 08:00,83.27,3.21,65.54,147.02,752,Idle,Inspection,Low
M010,14-04-2026 11:00,65.79,6,75.49,115.17,490,Running,Normal,Low
M002,14-04-2026 14:00,64.07,4.7,73.11,140.36,400,Running,Normal,Low
M008,14-04-2026 17:00,53.83,2.92,69.43,138.9,79,Running,Normal,Low
M006,14-04-2026 20:00,59.85,5.08,78.79,143.25,55,Running,Normal,Low
M005,14-04-2026 23:00,54.99,3.22,63.57,158.75,311,Running,Normal,Low
M009,15-04-2026 02:00,42.51,5.3,80.03,164.78,517,Running,Normal,Low
M001,15-04-2026 05:00,70.77,3.44,66.9,131,1029,Running,Inspection,Low
M005,15-04-2026 08:00,57.4,5.38,84.47,172.47,968,Running,Required,Medium
M006,15-04-2026 11:00,55.16,4.45,64.96,176.69,357,Running,Normal,Low
M005,15-04-2026 14:00,63.9,8.69,69.54,153.97,331,Running,Inspection,Low
M006,15-04-2026 17:00,66.61,3.72,72.41,163.61,311,Running,Normal,Low
M006,15-04-2026 20:00,59.11,4.37,72.37,172.56,440,Running,Normal,Low
M007,15-04-2026 23:00,61.98,3.08,75.44,114.27,623,Running,Normal,Low
M004,16-04-2026 02:00,68.72,3.8,63,174.53,554,Running,Normal,Low
M008,16-04-2026 05:00,58.76,-0.25,71.74,122.88,301,Running,Normal,Low
M007,16-04-2026 08:00,64.72,4.5,72.97,125.6,200,Running,Normal,Low
M009,16-04-2026 11:00,47.07,5.81,68.31,150.5,64,Running,Normal,Low
M007,16-04-2026 14:00,50.83,4.39,74.83,84.97,227,Running,Normal,Low
M003,16-04-2026 17:00,67.45,1.83,62.58,149.92,861,Running,Normal,Low
M003,16-04-2026 20:00,50.36,2.6,69.71,172.49,330,Running,Normal,Low
M008,16-04-2026 23:00,64.11,0.15,66.73,98.91,589,Running,Normal,Low
M005,17-04-2026 02:00,60.68,5.27,69.74,175.49,730,Running,Normal,Low
M004,17-04-2026 05:00,58.72,2.29,82.13,125.43,1070,Running,Required,Medium
M008,17-04-2026 08:00,54.54,3.76,82.27,150.79,1072,Running,Required,Medium
M006,17-04-2026 11:00,70.18,3.57,80.89,129.5,908,Running,Inspection,Low
M002,17-04-2026 14:00,77.57,6.03,68.76,161.04,90,Running,Required,Medium
M004,17-04-2026 17:00,64.7,3.93,78.35,173.7,711,Idle,Normal,Low
M004,17-04-2026 20:00,64.9,5.01,72.79,163.12,955,Running,Inspection,Low
M006,17-04-2026 23:00,55.86,4.62,72.32,144.89,70,Running,Normal,Low
M006,18-04-2026 02:00,51.24,5.84,71.46,131.68,682,Running,Normal,Low
M001,18-04-2026 05:00,61.64,3.44,84.31,143.06,1036,Running,Required,Medium
M008,18-04-2026 08:00,53.24,6.6,81.56,163.37,595,Running,Inspection,Low
M006,18-04-2026 11:00,46.05,0.82,77.21,164.33,55,Running,Normal,Low
M003,18-04-2026 14:00,69.23,5.09,70.81,160.42,63,Idle,Normal,Low
M009,18-04-2026 17:00,69.67,2.5,72.28,109.09,529,Running,Normal,Low
M002,18-04-2026 20:00,54.27,3.06,75.71,144.36,228,Running,Normal,Low
M008,18-04-2026 23:00,64.2,4.65,68.35,127.26,814,Idle,Normal,Low
M010,19-04-2026 02:00,71.02,4.64,78.57,163.62,865,Running,Normal,Low
M003,19-04-2026 05:00,63.85,4.71,65.55,123.58,255,Running,Normal,Low
M005,19-04-2026 08:00,51.26,1.72,74.74,157.66,1072,Running,Inspection,Low
M006,19-04-2026 11:00,59.9,5.97,55.97,137.1,558,Running,Normal,Low
M010,19-04-2026 14:00,73.94,2.45,68.15,92.39,214,Running,Normal,Low
M006,19-04-2026 17:00,64.22,2.65,86.54,171.07,929,Running,Required,Medium
M004,19-04-2026 20:00,66.85,4.76,79.25,144.29,958,Running,Inspection,Low
M003,19-04-2026 23:00,65.07,3.37,82.75,180.73,785,Running,Inspection,Low
M004,20-04-2026 02:00,54.3,4.26,67.33,98.37,1031,Idle,Inspection,Low
M001,20-04-2026 05:00,56.41,0.57,72.73,136.84,898,Running,Normal,Low
M004,20-04-2026 08:00,65.05,4.23,80.97,138.94,1065,Running,Inspection,Low
M001,20-04-2026 11:00,69.35,4.13,76.43,152.57,549,Running,Normal,Low
M001,20-04-2026 14:00,71.9,3.04,75.56,107.89,910,Running,Inspection,Low
M010,20-04-2026 17:00,54.28,0.69,83.41,160.23,1200,Idle,Required,Medium
M006,20-04-2026 20:00,65.9,3.48,64.72,198.53,884,Running,Inspection,Low
M005,20-04-2026 23:00,72.68,3.74,70.71,158.29,181,Running,Normal,Low
M004,21-04-2026 02:00,53.12,3.25,59.72,147.6,646,Running,Normal,Low
M003,21-04-2026 05:00,75.38,1.05,64.33,106.43,725,Idle,Inspection,Low
M001,21-04-2026 08:00,76.75,6.19,79.52,123.32,250,Running,Required,Medium
M006,21-04-2026 11:00,85.63,2.84,65.58,143.44,1157,Running,Required,Medium
M002,21-04-2026 14:00,64.08,3.47,77.15,130.17,252,Running,Normal,Low
M008,21-04-2026 17:00,64.13,0.19,83.61,173.74,254,Idle,Inspection,Low
M010,21-04-2026 20:00,69.44,6.19,70.75,159.94,1102,Running,Required,Medium
M005,21-04-2026 23:00,69.18,3.1,75.64,220.39,585,Running,Inspection,Low
M007,22-04-2026 02:00,72.14,3.95,77.2,117.54,123,Running,Normal,Low
M010,22-04-2026 05:00,69.06,5.48,63.45,145.93,738,Running,Normal,Low
M002,22-04-2026 08:00,61.05,2.79,67.68,106.26,742,Running,Normal,Low
M008,22-04-2026 11:00,73,5.24,64.97,82.77,124,Idle,Normal,Low
M002,22-04-2026 14:00,52.36,0.71,68.24,165.24,1168,Idle,Inspection,Low
M004,22-04-2026 17:00,62.05,4.63,77.01,158.91,676,Idle,Normal,Low
M001,22-04-2026 20:00,76.07,6.16,67.83,121.07,694,Running,Required,Medium
M005,22-04-2026 23:00,50.75,2.93,71.75,147.6,648,Running,Normal,Low
M009,23-04-2026 02:00,55.9,5.48,64.7,127.38,752,Idle,Normal,Low
M001,23-04-2026 05:00,68.05,6.55,80.58,131.16,354,Running,Inspection,Low
M009,23-04-2026 08:00,65.55,3.42,68.18,136.03,380,Running,Normal,Low
M008,23-04-2026 11:00,54.12,3.29,82.66,119.9,638,Running,Inspection,Low
M006,23-04-2026 14:00,58.25,2.45,72.43,124.93,978,Idle,Inspection,Low
M007,23-04-2026 17:00,51.37,3.04,62.15,125.72,107,Running,Normal,Low
M003,23-04-2026 20:00,70.82,2.58,70.8,156.84,744,Idle,Normal,Low
M001,23-04-2026 23:00,59.7,2.45,64.56,67.32,978,Running,Inspection,Low
M005,24-04-2026 02:00,78.13,5.6,76.13,138.63,230,Running,Inspection,Low
M002,24-04-2026 05:00,62.73,2.62,70.17,114.54,67,Running,Normal,Low
M005,24-04-2026 08:00,60.02,4.19,73.14,115.56,410,Running,Normal,Low
M008,24-04-2026 11:00,59.15,3.86,69.41,130.28,726,Running,Normal,Low
M009,24-04-2026 14:00,59.8,6.05,68.11,144.6,209,Idle,Inspection,Low
M002,24-04-2026 17:00,63,3.05,65.18,139,540,Running,Normal,Low
M003,24-04-2026 20:00,84.61,4.37,77.85,115.21,685,Running,Inspection,Low
M003,24-04-2026 23:00,58.95,4.99,70.79,165.21,739,Running,Normal,Low
M001,25-04-2026 02:00,59.24,6.03,69.8,119.73,366,Running,Inspection,Low
M008,25-04-2026 05:00,62.59,3.02,70.61,124.43,510,Running,Normal,Low
M006,25-04-2026 08:00,71.81,2.87,67.25,152.97,945,Running,Inspection,Low
M008,25-04-2026 11:00,49.21,2.21,69.82,153.97,1132,Idle,Inspection,Low
M009,25-04-2026 14:00,66.1,7.15,73.44,127.87,1041,Running,Required,Medium
M005,25-04-2026 17:00,54.64,5.88,64.76,62.79,699,Running,Normal,Low
M003,25-04-2026 20:00,66.98,3.74,65.77,120.21,522,Running,Normal,Low
M005,25-04-2026 23:00,57.56,6.7,81.65,149.53,433,Running,Inspection,Low
M005,26-04-2026 02:00,41.26,3.65,69.46,164.28,194,Idle,Normal,Low
M005,26-04-2026 05:00,65.33,4.89,68.14,142.78,173,Running,Normal,Low
M003,26-04-2026 08:00,65.25,3.82,62.59,131.59,842,Idle,Normal,Low
M010,26-04-2026 11:00,56.79,4.4,77.95,209.21,349,Running,Inspection,Low
M004,26-04-2026 14:00,56.25,4.24,64.61,134.57,343,Running,Normal,Low
M009,26-04-2026 17:00,50.2,3.16,71.89,162.14,1198,Idle,Inspection,Low
M010,26-04-2026 20:00,68.96,5.44,60.04,107.62,266,Running,Normal,Low
M009,26-04-2026 23:00,69.94,4.87,77.73,114.48,220,Running,Normal,Low
M002,27-04-2026 02:00,54.09,5.34,80.24,163.13,163,Running,Normal,Low
M008,27-04-2026 05:00,57.14,4.28,75.39,174.25,717,Running,Normal,Low
M008,27-04-2026 08:00,61.43,2.44,61.26,134.09,772,Running,Normal,Low
M007,27-04-2026 11:00,82.44,6.36,77.87,93.24,470,Running,Required,Medium
M008,27-04-2026 14:00,66.91,3.41,66.21,140.31,666,Running,Normal,Low
M003,27-04-2026 17:00,53.51,4.35,63.8,150.3,957,Running,Inspection,Low
M006,27-04-2026 20:00,64.73,4.75,69.32,147.77,991,Idle,Inspection,Low
M001,27-04-2026 23:00,49.61,4.34,69.18,129.23,1152,Running,Inspection,Low
M007,28-04-2026 02:00,68.46,5.17,68.46,140.72,998,Running,Inspection,Low
M001,28-04-2026 05:00,77.08,5.41,80.92,124.01,700,Idle,Inspection,Low
M009,28-04-2026 08:00,77.12,3.46,86.08,113.87,257,Running,Required,Medium
M001,28-04-2026 11:00,68.61,6.24,62.42,166.16,165,Running,Inspection,Low
M001,28-04-2026 14:00,56.75,3.4,67.18,147.74,113,Running,Normal,Low
M007,28-04-2026 17:00,50.29,4.31,73,140.78,817,Running,Normal,Low
M002,28-04-2026 20:00,49.4,3.22,69.28,130.8,979,Running,Inspection,Low
M005,28-04-2026 23:00,36.74,2.79,74.8,139.96,635,Running,Normal,Low
M008,29-04-2026 02:00,68.24,5.37,78.41,149.49,113,Running,Normal,Low
M008,29-04-2026 05:00,61.07,8.48,77.25,193.4,666,Running,Required,Medium
M003,29-04-2026 08:00,70.18,3.26,76.27,163.33,1126,Running,Inspection,Low
M007,29-04-2026 11:00,74.85,5.62,83.61,126.34,737,Running,Inspection,Low
M003,29-04-2026 14:00,62.9,3.31,60.88,126.64,981,Running,Inspection,Low
M006,29-04-2026 17:00,63.31,3.78,82.36,122.27,970,Idle,Required,Medium
M006,29-04-2026 20:00,57.82,6.44,69.11,139.39,1122,Running,Required,Medium
M003,29-04-2026 23:00,58.89,2.19,77.5,122.25,936,Running,Inspection,Low
M007,30-04-2026 02:00,68.56,1.79,64.79,158.3,910,Running,Inspection,Low
M003,30-04-2026 05:00,60.43,3.67,65.64,70.98,319,Idle,Normal,Low
M008,30-04-2026 08:00,59.13,4.8,76.63,159.98,119,Idle,Normal,Low
M010,30-04-2026 11:00,61.84,4.5,58.5,152.71,645,Running,Normal,Low
M004,30-04-2026 14:00,69.98,4.34,78.93,180.36,193,Running,Normal,Low
M001,30-04-2026 17:00,55.77,3.85,80.82,169.55,1157,Running,Inspection,Low
M004,30-04-2026 20:00,61.4,4.98,73.24,125.86,383,Running,Normal,Low
M007,30-04-2026 23:00,64.21,-0.57,72.99,166.4,1031,Running,Inspection,Low
M004,01-05-2026 02:00,72.44,2.67,66.16,140.29,496,Running,Normal,Low
M006,01-05-2026 05:00,59.85,3.66,76.72,90.84,422,Running,Normal,Low
M009,01-05-2026 08:00,55.54,4.86,74.43,149.45,1125,Running,Inspection,Low
M001,01-05-2026 11:00,57.64,6.03,65.55,127.52,468,Running,Inspection,Low
M005,01-05-2026 14:00,71.48,2.47,69.26,145.01,499,Running,Normal,Low
M007,01-05-2026 17:00,80.3,5.99,70.88,191.24,172,Idle,Required,Medium
M001,01-05-2026 20:00,50.18,3.12,69.25,151.29,821,Idle,Normal,Low
M004,01-05-2026 23:00,52.14,3.61,62.46,116.51,382,Running,Normal,Low
M006,02-05-2026 02:00,60.48,4.67,76.89,172,723,Running,Normal,Low
M002,02-05-2026 05:00,63,3.5,70.3,155.15,730,Running,Normal,Low
M010,02-05-2026 08:00,69.08,5.47,72.11,113.22,877,Running,Normal,Low
M005,02-05-2026 11:00,53.98,3.19,67.95,100.03,907,Running,Inspection,Low
M010,02-05-2026 14:00,52.43,3.22,75.33,117.63,642,Running,Normal,Low
M001,02-05-2026 17:00,63.24,5.38,73.39,168.42,431,Idle,Normal,Low
M006,02-05-2026 20:00,59.67,2.66,80.49,136.56,1013,Running,Inspection,Low
M006,02-05-2026 23:00,70.34,4.17,75.36,147.27,406,Idle,Normal,Low
M004,03-05-2026 02:00,66.39,1.31,70.58,107.52,634,Running,Normal,Low
M008,03-05-2026 05:00,67,6.53,66.82,169.17,511,Idle,Inspection,Low
M004,03-05-2026 08:00,61.06,5.61,78.06,88.57,1033,Running,Inspection,Low
M008,03-05-2026 11:00,83.2,7.93,70.02,126.65,547,Running,Required,Medium
M008,03-05-2026 14:00,54.46,5.81,70.8,156.72,494,Running,Normal,Low
M005,03-05-2026 17:00,67.5,2.11,70.8,113.57,843,Idle,Normal,Low
M004,03-05-2026 20:00,50.57,4.8,69.19,162.2,743,Running,Normal,Low
M002,03-05-2026 23:00,52.34,2.42,70.92,120.66,173,Running,Normal,Low
M003,04-05-2026 02:00,56.53,6.17,85.48,110.67,634,Running,Required,Medium
M003,04-05-2026 05:00,76.66,2.15,64.67,181.02,896,Running,Inspection,Low
M004,04-05-2026 08:00,64.38,2.08,66.3,149.31,1191,Running,Inspection,Low
M004,04-05-2026 11:00,56.69,1.39,81.69,159.53,774,Idle,Normal,Low
M010,04-05-2026 14:00,65.37,3.07,69.38,173.51,476,Running,Normal,Low
M005,04-05-2026 17:00,62.32,2.77,68.85,71.66,310,Running,Normal,Low
M004,04-05-2026 20:00,57.57,1.91,79.24,162.77,1054,Running,Inspection,Low
M010,04-05-2026 23:00,49.43,6.78,62.06,123.69,987,Running,Required,Medium
M008,05-05-2026 02:00,74.95,4.59,77.75,127.38,319,Running,Normal,Low
M006,05-05-2026 05:00,63.89,4.42,72.32,157.25,281,Running,Normal,Low
M006,05-05-2026 08:00,81.56,6.18,75.25,134.83,872,Running,Required,Medium
M008,05-05-2026 11:00,70.46,4.18,75.12,161.65,412,Running,Normal,Low
M007,05-05-2026 14:00,66.96,2.68,67.6,143.86,402,Idle,Normal,Low
M010,05-05-2026 17:00,58.08,1.25,79.36,149.71,225,Running,Normal,Low
M010,05-05-2026 20:00,52.14,2.59,68.15,131.27,354,Running,Normal,Low
M008,05-05-2026 23:00,60.04,6.06,74.86,115.18,542,Running,Inspection,Low
M002,06-05-2026 02:00,51.88,1.92,80.66,124.27,893,Running,Normal,Low
M009,06-05-2026 05:00,67.85,4.33,81.65,142.12,437,Running,Normal,Low
